name,add,real_add,행정동,price,총층수,1층포함여부,평수(㎡),대관단위(시간),총평수,수용인원수,시간당대관료,평당가격
홍대입구역 홍대 정문 팝업 통건물 by SHARE.IT,서울 마포구,서울 마포구 와우산로 101,,10000000,6,1,697,24,4182,1394,416666.6667,99.63334927
성수 팝업 서울숲 위팝 1st by SHARE.IT,서울 성동구,서울 성동구 서울숲4길 20,성수1가2동,800000,1,1,48,23,48,16,34782.6087,724.6376812
성수 팝업 서울숲 위팝 2nd by SHARE.IT,서울 성동구,서울 성동구 서울숲4길 26 1층,성수1가2동,900000,1,1,59.4,23,59.4,20,39130.43478,658.7615283
성수 팝업 연무장 온더무브 by SHARE.IT,서울 성동구,서울 성동구 연무장길 13 1층,성수2가3동,900000,1,1,36,23,36,12,39130.43478,1086.956522
성수 서울숲 팝업 건물 통대관 by SHARE.IT,서울 성동구,서울 성동구 서울숲4길 15-1 통건물,성수1가2동,6000000,6,0,697,23,4182,1394,260869.5652,62.37914042
연무장길 메인 팝업 공간 by SHARE.IT,서울 성동구,서울 성동구 성수일로 40,성수1가1동,1500000,1,1,45,23,45,15,65217.3913,1449.275362
DRC 홍대 팝업 통건물 by Share.IT,서울 마포구,서울 마포구 와우산로 82,,5000000,4,1,295.5,23,1182,394,217391.3043,183.9181932
성수 연무장 공장시설 by SHARE.IT,서울 성동구,서울 성동구 성수이로18길 6-1,성수2가3동,5000000,1,1,730,23,730,243,217391.3043,297.7963073
서울숲 2.7,서울 성동구,서울 성동구 서울숲2길 27,성수1가2동,4000000,1,1,60,23,60,20,173913.0435,2898.550725
뉴스 을지로점 을지로 팝업 통건물,서울 중구,서울 중구 을지로 127,을지로동,8000000,3,1,128.1,23,384.3,128,347826.087,905.0899999
연남방앗간,서울 마포구,서울 마포구 동교로29길 34,,3000000,3,1,101,23,303,101,130434.7826,430.4778304
을지로맨스 팝업 통건물,서울 중구,서울 중구 을지로 134,을지로동,5000000,5,1,106,23,530,177,217391.3043,410.1722724
연무장길 33,서울 성동구,서울 성동구 연무장길 33,성수2가3동,7000000,1,1,192,24,192,64,291666.6667,1519.097222
아파트먼트풀,서울 성동구,서울 성동구 뚝섬로17길 35,성수2가1동,25000000,2,1,311,24,622,207,1041666.667,1674.705252
러빈허,서울 마포구,서울 마포구 신촌로6길 22 동교동 177-12,,2000000,1,1,58.7,24,58.7,20,83333.33333,1419.647927
멜로워 성수 대형 팝업 카페,서울 성동구,서울 성동구 성수이로7길 39,성수2가1동,15000000,2,1,337.8,24,675.6,225,625000,925.1036116
스테이지35,서울 성동구,서울 성동구 연무장길 35 스테이지35,성수2가3동,10000000,1,1,349.8,24,349.8,117,416666.6667,1191.156852
커피덕 홍대,서울 마포구,서울 마포구 월드컵북로2길 37,,5000000,1,1,330,24,330,110,208333.3333,631.3131313
그로토 청담,서울 강남구,서울 강남구 선릉로 812,청담동,3000000,3,1,256.1,24,768.3,256,125000,162.6968632
프롬헤라스 압구정 도산,서울 강남구,서울 강남구 언주로168길 29,압구정동,10000000,3,1,304,24,912,304,416666.6667,456.871345
"성수동 팝업스토어, 전시 공간 ″스퀘어 성수 2호점″",서울 성동구,서울 성동구 연무장길 81 103호,성수2가3동,1500000,1,1,20.8,23,20.8,7,65217.3913,3135.451505
성수동 공장형 카페 + 외벽,서울 성동구,서울 성동구 왕십리로6길 4-5 1층,,100000,1,1,140,1,140,47,100000,714.2857143
"[단독주택]성수역도보3분,성수동팝업/전시/VIP행사장소",서울 성동구,서울 성동구 연무장11길 13 1층,성수2가3동,8800000,2,1,240,23,480,160,382608.6957,797.1014493
바이아스,서울 마포구,서울 마포구 와우산로35길 53 서교동 330-1 2층,,1000000,2,1,106.5,24,213,71,41666.66667,195.6181534
성수 픽닷 옆 매장 팝업스토어,서울 성동구,서울 성동구 서울숲4길 23-1 102호,성수1가2동,1000000,1,1,26.4,23,26.4,9,43478.26087,1646.903821
팝업 성수 마켓 디스코너,서울 성동구,서울 성동구 연무장길 57 1층,성수2가3동,700000,1,1,14,23,14,5,30434.78261,2173.913043
"한남동 팝업스토어, 전시 공간 ″스퀘어 한남″",서울 용산구,서울 용산구 이태원로 230 1층,한남동,1700000,1,1,47.9,23,47.9,16,73913.04348,1543.069801
스타필드 코엑스몰 BGZT LAB 2,서울 강남구,서울 강남구 봉은사로 524 스타필드 코엑스몰 B1층 C102호,삼성1동,300000,1,0,9.9,12,9.9,3,25000,2525.252525
오우드 성수 1호점,서울 성동구,서울 성동구 연무장길 101-1,성수2가3동,12000000,1,1,186.5,23,186.5,62,521739.1304,2797.52885
[홍대/연남/팝업] 프리즘 연남 카페 전체,서울 마포구,"서울 마포구 연희로1길 63 2, 3층, 루프탑",,2500000,3,0,80,23,240,80,108695.6522,452.8985507
금호 알베르,서울 성동구,서울 성동구 금호로3길 14,금호4가동,3000000,1,1,168,23,168,56,130434.7826,776.3975155
크레아레(KREARE),서울 성동구,서울 성동구 연무장길 102,성수2가3동,20000000,3,1,294,23,882,294,869565.2174,985.901607
스퀘어 성수,서울 성동구,서울 성동구 연무장길 81 지하 1층 B-2호,성수2가3동,1000000,1,0,135,23,135,45,43478.26087,322.0611916
스네일 하우스(Snail House),서울 성동구,서울 성동구 서울숲4길 26-14,성수1가2동,4000000,5,1,102.9,23,514.5,172,173913.0435,338.0234081
신사/가로수길 메인거리 빌딩,서울 강남구,서울 강남구 가로수길 40,신사동,2000000,1,1,84,23,84,28,86956.52174,1035.196687
[SG-271] 성수 공장 팝업,서울 성동구,서울 성동구 성수이로18길 20,성수2가3동,3600000,1,1,396,23,396,132,156521.7391,395.256917
KBS아레나,서울 강서구,서울 강서구 공항대로 376,화곡6동,10000000,1,1,640,23,640,213,434782.6087,679.3478261
연무장길 14,서울 성동구,서울 성동구 연무장길 14 1층,성수1가1동,2000000,1,1,89,23,89,30,86956.52174,977.0395701
삼각지 용산 전시 팝업스토어 1층,서울 용산구,서울 용산구 한강대로62길 55-10 1층,한강로동,120000,1,1,11.2,17,11.2,4,7058.823529,630.2521008
꼴라보하우스 도산 전체,서울 강남구,서울 강남구 언주로164길 21-3 1층 꼴라보하우스도산,압구정동,7000000,3,1,522,10,1566,522,700000,446.9987229
[쌈지길] 1층 팝업존,서울 종로구,서울 종로구 인사동길 44 (쌈지길),종로1234가동,500000,1,1,40,23,40,13,21739.13043,543.4782609
롯데월드몰 라운지,서울 송파구,서울 송파구 올림픽로 300 1층 다이버홀,,6000000,1,1,431,24,431,144,250000,580.0464037
"[성수/서울숲] 야외,실내 팝업/전시",서울 성동구,서울 성동구 왕십리로 114 3층,,1200000,1,0,181,23,181,60,52173.91304,288.2536632
한남동 프라이빗 VVIP 행사 ″메종한남″,서울 용산구,서울 용산구 유엔빌리지3길 24,한남동,10000000,2,1,253,23,506,169,434782.6087,859.2541674
청담 팝업스토어 파티 행사 ″디청담″,서울 강남구,서울 강남구 압구정로79길 58 디청담,청담동,10000000,1,1,400,23,400,133,434782.6087,1086.956522
성수 로또 디스코너49,서울 성동구,서울 성동구 광나루로 275 1층,송정동,660000,1,1,51,23,51,17,28695.65217,562.6598465
피디삐 성수,서울 성동구,서울 성동구 성수이로18길 32,성수2가3동,1500000,1,1,72,24,72,24,62500,868.0555556
성수 버치커피,서울 성동구,서울 성동구 성수이로16길 27,성수2가1동,2500000,3,1,36,24,108,36,104166.6667,964.5061728
[도화서길] D1,서울 종로구,서울 종로구 율곡로 18,종로1234가동,5000000,18,1,400,23,7200,2400,217391.3043,30.19323671
[쌈지길] 야외마당,서울 종로구,서울 종로구 인사동길 44 (쌈지길),종로1234가동,3000000,1,1,80,23,80,27,130434.7826,1630.434783
한남동 팝업 파티 행사 ″메종한남V″,서울 용산구,서울 용산구 유엔빌리지3길 24,한남동,10000000,2,0,207,23,414,138,434782.6087,1050.199538
스몰글라스,서울 성동구,서울 성동구 뚝섬로3길 22 1층 스몰글라스,성수1가1동,500000,1,1,53.1,16,53.1,18,31250,588.5122411
아이에스 성수,서울 성동구,서울 성동구 뚝섬로 403,성수2가1동,7000000,2,1,301.2,24,602.4,201,291666.6667,484.1744135
성수 파티 디스코너66,서울 성동구,서울 성동구 광나루로 275 지하1층,송정동,2000000,2,1,233.9,12,467.8,156,166666.6667,356.2776115
[도화서길] D2,서울 종로구,서울 종로구 율곡로 26,종로1234가동,5000000,15,1,235,23,3525,1175,217391.3043,61.67129201
홍대 연남동 팝업스토어 공간 B1(1층구조),서울 마포구,서울 마포구 동교로38안길 11,,500000,1,1,76,23,76,25,21739.13043,286.0411899
롯데시네마 월드타워 7층 팝업스토어,서울 송파구,서울 송파구 올림픽로 300 롯데시네마 월드타워 7층,,1000000,1,0,48,24,48,16,41666.66667,868.0555556
[도화서길] D5,서울 종로구,서울 종로구 율곡로 24,종로1234가동,5000000,3,0,130,23,390,130,217391.3043,557.4136009
한남-이태원 250평 대형공간 대관,서울 용산구,서울 용산구 이태원로27나길 36 케이브하우스,이태원1동,2500000,2,1,900,12,1800,600,208333.3333,115.7407407
성수 팝업 스튜디오,서울 성동구,서울 성동구 둘레19길 10 1층,성수2가1동,3000000,1,1,126.28,24,126.28,42,125000,989.8637947
성수 연무장길 팝업스토어,서울 성동구,서울 성동구 연무장길 10-1,성수1가1동,700000,1,1,33,23,33,11,30434.78261,922.2661397
서울숲 팝업 의의 스튜디오,서울 성동구,서울 성동구 서울숲2길 19-8 1층,성수1가2동,650000,1,1,56,14,56,19,46428.57143,829.0816327
[서울숲] Martin House(마틴 하우스),서울 성동구,서울 성동구 서울숲2길 12-10 B1,성수1가2동,450000,1,0,113.6,23,113.6,38,19565.21739,172.2290263
[뚝섬/서울숲] 성수 팝업 카페 공간,서울 성동구,서울 성동구 서울숲4길 17 1층,성수1가2동,4000000,1,1,120,23,120,40,173913.0435,1449.275362
성수 카페 에롤파 2F,서울 성동구,서울 성동구 둘레7길 15 iamfoodstylist BD,성수1가1동,2500000,3,1,202.081,24,606.243,202,104166.6667,171.8232898
서울숲 갤러리형 카페,서울 성동구,서울 성동구 뚝섬로 317 1F,성수1가1동,3500000,1,1,301.247,24,301.247,100,145833.3333,484.0988735
성수 전시 팝업 플레이스 온 ON,서울 성동구,서울 성동구 성덕정길 95 2층,성수2가1동,70000,1,0,48,23,48,16,3043.478261,63.4057971
연남동 팝업스토어형 편집숍 커뮤니티 팔시보,서울 마포구,서울 마포구 동교로38안길 17 1st floor community palcibo,,500000,1,1,40,23,40,13,21739.13043,543.4782609
Be-,서울 마포구,서울 마포구 와우산로10길 3 B1,,2500000,1,0,91.7,24,91.7,31,104166.6667,1135.950563
[강남/역삼]복합문화공간,서울 강남구,서울 강남구 봉은사로38길 32 1층 헬로에이치스페이스 갤러리,역삼1동,20000,1,1,38.5,1,38.5,13,20000,519.4805195
러비니돌,서울 마포구,서울 마포구 신촌로2안길 20 동교동 176-20,,500000,1,1,82.5,24,82.5,28,20833.33333,252.5252525
"성수동 전시, 팝업, 마켓 전문공간 - 흑기사",서울 성동구,서울 성동구 뚝섬로4길 28 1층,성수1가1동,200000,2,1,38,11,76,25,18181.81818,239.2344498
[성수/뚝섬] 성수 느낌의 성수 팝업 스튜디오,서울 성동구,서울 성동구 성수일로12길 5 3층,성수2가3동,1500000,1,1,200,23,200,67,65217.3913,326.0869565
VA gallery 신당 통건물 팝업 대관,서울 중구,서울 중구 퇴계로83길 26 전층,황학동,1200000,4,1,143,13,572,191,92307.69231,161.3770845
스튜디오 드 쥬헤브 청담,서울 강남구,서울 강남구 압구정로72길 22 4층,청담동,150000,1,0,112.8,1,112.8,38,150000,1329.787234
서촌 식물 스튜디오(서간),서울 종로구,서울 종로구 필운대로1길 15 1층,사직동,1400000,1,1,66,23,66,22,60869.56522,922.2661397
홍대 갤러리 공간,서울 마포구,서울 마포구 홍익로 5-1 지층,,0,1,1,96,24,96,32,1200000,12500
루젤라 강남 대형 팝업 연회 공간,서울 강남구,서울 강남구 언주로 641 1층 루젤라,논현2동,10000000,1,1,500,24,500,167,416666.6667,833.3333333
혜화 한옥 갤러리 공간,서울 종로구,서울 종로구 성균관로 92 1층,혜화동,800000,1,1,175.5,1,175.5,59,800000,4558.404558
에스팩토리 B동 팝업존 1,서울 성동구,서울 성동구 연무장15길 11,성수1가1동,750000,1,1,40,23,40,13,32608.69565,815.2173913
아트힐 연희,서울 서대문구,서울 서대문구 연희로11다길 15,연희동,2000000,1,1,599,23,599,200,86956.52174,145.1694854
[서울숲] 인포멀 스퀘어 팝업 1층,서울 성동구,서울 성동구 서울숲4길 15-1 통건물,성수1가2동,1500000,6,1,75.6,23,453.6,151,65217.3913,143.7773177
[서울숲/뚝섬] 팝업 브랜드행사 전시 카페 공간,서울 성동구,서울 성동구 서울숲2길 44-13 지하 1층,성수1가2동,1800000,1,0,61,23,61,20,78260.86957,1282.965075
[한남동/팝업] 메인스트리트 공실 B1~1F,서울 용산구,서울 용산구 이태원로 254,한남동,7500000,2,1,250,23,500,167,326086.9565,652.173913
피플더테라스 청담,서울 강남구,서울 강남구 도산대로81길 13,청담동,10000000,2,1,387,24,774,258,416666.6667,538.3290267
한남프로젝트,서울 용산구,서울 용산구 이태원로 228 1층,한남동,200000,1,1,18,23,18,6,8695.652174,483.0917874
서울숲 제스티살룬 스페이스,서울 성동구,서울 성동구 서울숲2길 19,성수1가2동,500000,1,1,108,23,108,36,21739.13043,201.2882448
라이트룸 압구정로데오(라운지.대관.행사),서울 강남구,서울 강남구 선릉로157길 20-5 지하1층 라이트룸,압구정동,3000000,1,1,260,24,260,87,125000,480.7692308
뚝섬 성수 서울숲 팝업 카페 공간,서울 성동구,서울 성동구 왕십리로6길 7 1층,,4500000,1,1,120,23,120,40,195652.1739,1630.434783
한남동 메인거리 브랜드 팝업스토어 행사 파티 전문공간,서울 용산구,서울 용산구 이태원로 242 1층 트렌드바이미,한남동,3300000,1,1,133,23,133,44,143478.2609,1078.783916
복합문화공간/광고촬영,서울 성동구,서울 성동구 왕십리로 50 3층 메가박스 성수,,990000,3,0,425,24,1275,425,41250,32.35294118
압구정 갤러리아 인근 트렁크쇼 쇼룸,서울 강남구,서울 강남구 선릉로 842 7층,청담동,3000000,1,0,144,23,144,48,130434.7826,905.7971014
에스팩토리 B동 팝업존 5,서울 성동구,서울 성동구 연무장15길 11,성수1가1동,1500000,1,1,112,23,112,37,65217.3913,582.2981366
청담 앤틱 테마 행사장,서울 강남구,서울 강남구 도산대로55길 26 지하 1층 공유먼트 청담점,청담동,0,1,0,110.54,24,110.54,37,1200000,10855.79881
언더그라운드,서울 성동구,서울 성동구 뚝섬로17길 35,성수2가1동,5000000,1,1,156,24,156,52,208333.3333,1335.470085
신사/가로수길 메인 상가 1층 공실,서울 강남구,서울 강남구 가로수길 35,신사동,4000000,1,1,30,23,30,10,173913.0435,5797.101449
태태태랩,서울 성동구,서울 성동구 왕십리로2길 24 한호창고 1층 주차장 안쪽 태태태랩,,100000,1,1,165,1,165,55,100000,606.0606061
성수탕,서울 성동구,서울 성동구 성덕정19길 11 성수목욕탕,성수2가1동,2440000,1,1,160,23,160,53,106086.9565,663.0434783
성수동 빈티지 공장형 카페,서울 성동구,서울 성동구 왕십리로6길 4-5 1층,,100000,1,1,140,1,140,47,100000,714.2857143
커런트,서울 성동구,서울 성동구 뚝섬로17길 35,성수2가1동,8800000,1,1,84,24,84,28,366666.6667,4365.079365
성수동 깔끔한 팝업 카페 커피식구,서울 성동구,서울 성동구 아차산로13길 31 1층 커피식구,성수2가3동,2700000,1,1,92,23,92,31,117391.3043,1275.992439
[성수/서울숲] 팝업 베이커리 카페,서울 성동구,"서울 성동구 서울숲2길 37 1층, 지하",성수1가2동,7500000,2,1,160,23,320,107,326086.9565,1019.021739
정동1928 아트센터,서울 중구,서울 중구 덕수궁길 130,소공동,1200000,1,1,789,1,789,263,1200000,1520.912548
에스팩토리 B동 팝업존 3,서울 성동구,서울 성동구 연무장15길 11,성수1가1동,750000,1,1,36,23,36,12,32608.69565,905.7971014
[논현/팝업] 가구거리 공실 1~3F+주차장,서울 강남구,서울 강남구 학동로 138,논현1동,5500000,3,1,343,23,1029,343,239130.4348,232.3910931
세로수길 메인위치 쇼룸,서울 강남구,서울 강남구 도산대로11길 11 1층,신사동,2750000,1,1,88,24,88,29,114583.3333,1302.083333
신사 팝업 컨테이너,서울 강남구,서울 강남구 언주로148길 5 1층,논현2동,0,1,1,220,24,220,73,1200000,5454.545455
성수 카페 에롤파 3F,서울 성동구,서울 성동구 둘레7길 15 iamfoodstylist BD,성수1가1동,0,3,1,202.081,24,606.243,202,1200000,1979.404298
[가로수길/팝업] 1층 상가 공실,서울 강남구,서울 강남구 가로수길 41 1층,신사동,4000000,1,1,40,23,40,13,173913.0435,4347.826087
가로수길 메인스트리트 공실,서울 강남구,서울 강남구 가로수길 26 1층,신사동,2500000,1,1,30,23,30,10,108695.6522,3623.188406
연희동 캐비넷클럽 2층,서울 서대문구,서울 서대문구 연희로11가길 48-23,연희동,1000000,4,1,236.4,23,945.6,315,43478.26087,45.9795483
[성수 팝업스토어/카페] 더수베니어샵,서울 성동구,서울 성동구 성수이로24길 50 본관1층,성수2가3동,3000000,1,1,220,23,220,73,130434.7826,592.8853755
이태원 경리단길 브랜드 행사 팝업 및 촬영,서울 용산구,서울 용산구 녹사평대로40나길 37 니은빌딩 1층,이태원2동,3000000,1,1,50,23,50,17,130434.7826,2608.695652
전층 대관,서울 강남구,서울 강남구 압구정로10길 30-1,신사동,6500000,3,1,300,24,900,300,270833.3333,300.9259259
프랑꼬아트랩,서울 강남구,서울 강남구 강남대로110길 38 1층,역삼1동,1000000,1,4,100,10,100,33,100000,1000
청담동 갤러리 공간,서울 강남구,서울 강남구 도산대로67길 19 힐탑빌딩 3층,청담동,0,3,1,77.9642,24,233.8926,78,1200000,5130.559924
성수동 연무장길 갤러리 팝업 맷멀,서울 성동구,서울 성동구 성수이로7가길 3 B1,성수2가1동,300000,1,0,73,10,73,24,30000,410.9589041
연희동 캐비넷클럽,서울 서대문구,서울 서대문구 연희로11가길 48-23,연희동,3500000,3,1,236.4,23,709.2,236,152173.913,214.5712254
이순간 스튜디오 서울숲,서울 성동구,서울 성동구 서울숲2길 24-1 1층,성수1가2동,500000,1,1,12,23,12,4,21739.13043,1811.594203
제스티살룬 성수 테라스,서울 성동구,서울 성동구 서울숲4길 13,성수1가2동,1000000,2,1,110,23,220,73,43478.26087,197.6284585
홍대 팝업 건물,서울 마포구,서울 마포구 와우산로23길 48,,7500000,4,1,135,23,540,180,326086.9565,603.8647343
[서울숲] 인포멀 스퀘어 팝업 3층,서울 성동구,서울 성동구 서울숲4길 15-1 통건물,성수1가2동,1000000,6,1,133.1,23,798.6,266,43478.26087,54.44310151
북촌 삼청동 팝업 갤러리 마롱,서울 종로구,서울 종로구 북촌로 143-6 갤러리 마롱,삼청동,1800000,1,1,100,23,100,33,78260.86957,782.6086957
압구정로데오 행사공간,서울 강남구,서울 강남구 선릉로 837 지하1층,청담동,0,1,0,394.42,24,394.42,131,1200000,3042.442067
대형호리존스튜디오,서울 성동구,서울 성동구 아차산로9길 21 b1 stage1st,성수2가3동,200000,1,0,640,1,640,213,200000,312.5
가로수길 THE LUNA,서울 강남구,서울 강남구 가로수길 28,신사동,4000000,6,0,600,23,3600,1200,173913.0435,48.30917874
렌트더스페이스 2호점,서울 성동구,서울 성동구 광나루로4가길 33 1층,성수2가3동,2200000,1,1,36.6,12,36.6,12,183333.3333,5009.107468
[코리아 게스트 하우스] 목욕탕,서울 종로구,서울 종로구 삼청로4길 12-1,삼청동,2000000,4,1,50,23,200,67,86956.52174,434.7826087
홍대 팝업 공간 피아노 카페,서울 마포구,서울 마포구 와우산로23길 18-5,,2500000,1,1,96,23,96,32,108695.6522,1132.246377
[성수/건대] 팝업 신상 카페 공간,서울 성동구,서울 성동구 동일로 75-18,성수2가1동,1800000,1,1,75,23,75,25,78260.86957,1043.478261
성수 내추럴 와인바,서울 성동구,서울 성동구 성덕정17길 4-1 2층,성수2가1동,2000000,1,0,120,24,120,40,83333.33333,694.4444444
신사 문화공간/쇼룸,서울 강남구,서울 강남구 강남대로154길 24 202호,신사동,0,1,1,53.5542,24,53.5542,18,1200000,22407.20616
icc성수,서울 성동구,서울 성동구 서울숲2길 14-12,성수1가2동,585000,2,1,66,9,132,44,65000,492.4242424
에스팩토리 B동 팝업존 2,서울 성동구,서울 성동구 연무장15길 11,성수1가1동,750000,1,1,20,23,20,7,32608.69565,1630.434783
[서울숲] 인포멀 스퀘어 팝업 2층,서울 성동구,서울 성동구 서울숲4길 15-1 통건물,성수1가2동,1500000,6,1,132.6,23,795.6,265,65217.3913,81.97258837
홍대 팝업 뽀빠이 피자클럽,서울 마포구,서울 마포구 와우산로29길 32 1층,,2700000,1,1,40,23,40,13,117391.3043,2934.782609
강남 문화 라운지,서울 강남구,서울 강남구 봉은사로 226 더북컴퍼니 빌딩,역삼1동,0,1,1,13701,24,13701,4567,1200000,87.58484782
성수한옥,서울 성동구,서울 성동구 성수이로3길 13 성수동 2가,성수2가1동,600000,1,1,403,24,403,134,25000,62.03473945
팝타운 서울숲 1층,서울 성동구,서울 성동구 서울숲6길 22,성수1가2동,2000000,6,1,119,23,714,238,86956.52174,121.7878456
크립토소사이어티,서울 마포구,서울 마포구 신촌로4길 14 1층 크립토소사이어티,,100000,1,1,60.5,1,60.5,20,100000,1652.892562
연희동 캐비넷클럽 1층,서울 서대문구,서울 서대문구 연희로11가길 48-23,연희동,1000000,3,1,236.4,23,709.2,236,43478.26087,61.3060644
브릭 피라미드 서울숲 통대관,서울 성동구,서울 성동구 서울숲4길 18-5,성수1가2동,5000000,6,1,845.2,23,5071.2,1690,217391.3043,42.86782307
아트힐 연희 2F 전시장,서울 서대문구,서울 서대문구 연희로11다길 15,연희동,1500000,2,0,60.5,23,121,40,65217.3913,538.986705
어썸피플스네트워크,서울 성동구,"서울 성동구 성수이로12길 12 1,2,3층",성수2가3동,3000000,3,1,119,23,357,119,130434.7826,365.3635367
신용산 용리단길 ″르궅″,서울 용산구,서울 용산구 한강대로40가길 13,한강로동,1500000,2,1,81,23,162,54,65217.3913,402.5764895
[서울숲] 인포멀 스퀘어 팝업 B1,서울 성동구,서울 성동구 서울숲4길 15-1 통건물,성수1가2동,1500000,6,0,177.3,23,1063.8,355,65217.3913,61.3060644
노티드 옆 팝업 부스,서울 강남구,서울 강남구 압구정로10길 30-1,신사동,1500000,1,1,30,24,30,10,62500,2083.333333
홍대 복합문화공간,서울 마포구,"서울 마포구 월드컵북로4길 12 B1, 팀플레이스",,0,1,0,280,24,280,93,1200000,4285.714286
성수연방 중정공간,서울 성동구,서울 성동구 성수이로14길 14 성수연방,성수2가1동,3000000,1,1,300,24,300,100,125000,416.6666667
익선동 한옥카페,서울 종로구,서울 종로구 수표로28길 17-19 틈,종로1234가동,0,1,1,27.72,24,27.72,9,1200000,43290.04329
"성수동 프라이빗파티 , 팝업가능 틴티드",서울 성동구,서울 성동구 서울숲2길 11-16 B1층,성수1가2동,150000,1,0,66,1,66,22,150000,2272.727273
NW 서울숲,서울 성동구,서울 성동구 서울숲4길 16-10 B1,성수1가2동,600000,1,1,80.5,23,80.5,27,26086.95652,324.0615717
브릭 피라미드 서울숲 1층,서울 성동구,서울 성동구 서울숲4길 18-5,성수1가2동,1000000,6,1,126.4,23,758.4,253,43478.26087,57.32893047
남대문 전광판 LED Billboard,서울 중구,서울 중구 남대문로 36,회현동,400000,1,1,220,18,220,73,22222.22222,101.010101
제스티살룬 연남 외부 팝업 공간,서울 마포구,서울 마포구 연희로 31,,700000,1,1,21,23,21,7,30434.78261,1449.275362
제스티살룬 성수 1층,서울 성동구,서울 성동구 서울숲4길 13,성수1가2동,1000000,2,1,110,23,220,73,43478.26087,197.6284585
홍대 연남동 팝업 카페 웨이즈 커피,서울 마포구,서울 마포구 동교로46길 42-20 2층,,1000000,1,0,64,1,64,21,1000000,15625
삼각지 매력적인 팝업 공간 데이오프클럽,서울 용산구,서울 용산구 한강대로 162-2 2층,한강로동,3000000,1,0,72,23,72,24,130434.7826,1811.594203
충무로 갤러리 공간,서울 중구,서울 중구 수표로2길 1 동명빌딩 1층,명동,200000,1,1,21,1,21,7,200000,9523.809524
29913,서울 성동구,서울 성동구 광나루로4가길 33 1층,성수2가3동,150000,1,1,132,1,132,44,150000,1136.363636
캐비넷 스토어,서울 강남구,서울 강남구 학동로11길 6,논현1동,600000,1,1,42.9,23,42.9,14,26086.95652,608.0875646
논현동 아티잰 빌딩 1층,서울 강남구,서울 강남구 논현로 614,논현2동,2500000,2,1,112,23,224,75,108695.6522,485.2484472
용리단길 팝업건물,서울 용산구,서울 용산구 한강대로 120,한강로동,2400000,2,1,272,23,544,181,104347.8261,191.8158568
[잠실/송리단길] 팝업 카페 공간,서울 송파구,서울 송파구 백제고분로45길 21-7,,3000000,2,1,363,23,726,242,130434.7826,179.662235
1.5층 대관,서울 강남구,서울 강남구 압구정로10길 30-1,신사동,1500000,1,1,35,24,35,12,62500,1785.714286
서울숲 테테(TETE),서울 성동구,서울 성동구 서울숲4길 21 1층,성수1가2동,2000000,1,1,120,23,120,40,86956.52174,724.6376812
[obscura] 옵스큐라 성수,서울 성동구,서울 성동구 연무장길 101-1,성수2가3동,12000000,2,1,72.3,23,144.6,48,521739.1304,3608.154429
풍 라운지 (압구정로데오),서울 강남구,서울 강남구 도산대로51길 40 지하1층,압구정동,1500000,1,0,331,24,331,110,62500,188.8217523
성수동 슬랙(SLAG),서울 성동구,서울 성동구 아차산로7나길 14,성수2가3동,2300000,2,1,277.1,24,554.2,185,95833.33333,172.9219295
[고메이494 한남] 야외팝업존 A,서울 용산구,서울 용산구 한남대로 91 고메이494 한남,한남동,2500000,1,1,36.9,23,36.9,12,108695.6522,2945.681631
[고메이494 한남] 내부팝업존 A,서울 용산구,서울 용산구 한남대로 91 고메이494 한남,한남동,1200000,1,1,9.7,23,9.7,3,52173.91304,5378.753922
홍대 인암빌딩,서울 마포구,서울 마포구 홍익로6길 34,,2500000,3,1,326.2,23,978.6,326,108695.6522,111.0726059
에스팩토리 B동 팝업존 4,서울 성동구,서울 성동구 연무장15길 11,성수1가1동,750000,1,1,43,23,43,14,32608.69565,758.3417594
서울숲 팝업 대관 ″포레스트 성수″,서울 성동구,서울 성동구 서울숲6길 13 포레스트 성수,성수1가2동,2000000,2,1,96,23,192,64,86956.52174,452.8985507
[서울숲/뚝섬] 팝업 브랜드행사 전시 카페 공간,서울 성동구,서울 성동구 서울숲2길 44-13 1층,성수1가2동,4000000,1,1,70,23,70,23,173913.0435,2484.47205
[메가박스 센트럴 팝업] 로비 계단,서울 서초구,서울 서초구 신반포로 194,반포동,1000000,1,1,150,23,150,50,43478.26087,289.8550725
[메가박스 성수 팝업] MX관 + 복도,서울 성동구,서울 성동구 왕십리로 50 3층 메가박스 성수,,1650000,1,0,150,23,150,50,71739.13043,478.2608696
연남동 핫플 카페,서울 마포구,서울 마포구 동교로51길 63,,3000000,3,1,120,24,360,120,125000,347.2222222
시도플레이스 1F 카페홀,서울 서대문구,서울 서대문구 연희맛로 7-7 1~2F,연희동,2500000,1,1,70,24,70,23,104166.6667,1488.095238
학동/언주 복합문화공간,서울 강남구,서울 강남구 논현로 646 1층 N646카페,논현2동,200000,1,1,252.3,1,252.3,84,200000,792.7070947
뿐또블루 PuntoBlu,서울 성동구,서울 성동구 성수이로22길 61 일심빌딩 지하 1층,성수2가3동,2500000,1,0,288,23,288,96,108695.6522,377.4154589
합정역 쾌적하고 안정적인 최적의 장소!,서울 마포구,서울 마포구 월드컵로3길 14 211호,,10000,1,0,97.4,1,97.4,32,10000,102.6694045
[PIEFACTORY] 서울 최대 2000평 행사/전시장,서울 광진구,서울 광진구 광나루로 441 본다빈치뮤지엄 능동 파이팩토리 스튜디오,능동,7000000,1,1,3375,18,3375,1125,388888.8889,115.2263374
"평창동 전통 한옥 평산재 (촬영, 전시, 문화활동)",서울 용산구,서울 용산구 이태원로27나길 36 폴스앵커,이태원1동,5000000,1,1,809,12,809,270,416666.6667,515.039143
연희동 캐비넷클럽 3층,서울 서대문구,서울 서대문구 연희로11가길 48-23,연희동,1000000,3,1,149.9,23,449.7,150,43478.26087,96.6828127
연희동 캐비넷클럽 야외마당,서울 서대문구,서울 서대문구 연희로11가길 48-23,연희동,1000000,3,1,123.2,23,369.6,123,43478.26087,117.6359872
[고메이494 한남] Sunken garden 2,서울 용산구,서울 용산구 한남대로 91 고메이494 한남,한남동,2000000,1,1,70,23,70,23,86956.52174,1242.236025
한남동 팝업 파티 행사 ′리빗한남′,서울 용산구,서울 용산구 독서당로29길 6 1층 리빗한남,한남동,1500000,1,1,130,23,130,43,65217.3913,501.6722408
브릭 피라미드 서울숲 B1,서울 성동구,서울 성동구 서울숲4길 18-5,성수1가2동,1000000,6,1,120,23,720,240,43478.26087,60.38647343
브릭 피라미드 서울숲 2층,서울 성동구,서울 성동구 서울숲4길 18-5,성수1가2동,1000000,6,1,112.5,23,675,225,43478.26087,64.41223833
[네버마인드] 아트라운지,서울 마포구,"서울 마포구 동교로22길 14 B1, B2",,10000000,2,0,450,23,900,300,434782.6087,483.0917874
연남 8810 리스트레토 바,서울 마포구,서울 마포구 월드컵북로6길 88-10,,2000000,2,1,400,23,800,267,86956.52174,108.6956522
오목사우나탕,서울 성북구,서울 성북구 고려대로7길 24,,2000000,1,1,342,23,342,114,86956.52174,254.2588355
서울숲 제스티살룬 스페이스 루프탑,서울 성동구,서울 성동구 서울숲2길 19,성수1가2동,500000,2,0,108,23,216,72,21739.13043,100.6441224
제스티살룬 성수 2층,서울 성동구,서울 성동구 서울숲4길 13,성수1가2동,1000000,2,1,110,23,220,73,43478.26087,197.6284585
[코리아 게스트 하우스] 북촌 굴뚝,서울 종로구,서울 종로구 삼청로4길 12-1,삼청동,2000000,4,1,16,23,64,21,86956.52174,1358.695652
[압구정/팝업] 브런치 맛집 더 로투스,서울 강남구,서울 강남구 논현로167길 17 1층,신사동,0,1,1,70,24,70,23,1200000,17142.85714
시도플레이스 2F 쇼룸,서울 서대문구,서울 서대문구 연희맛로 7-7 1~2F,연희동,1500000,1,0,70,24,70,23,62500,892.8571429
성수 재즈바 공간,서울 성동구,서울 성동구 연무장길 14-2 지하 1층,성수1가1동,3000000,2,1,110,24,220,73,125000,568.1818182
망원동 빈티지 가구 쇼룸,서울 마포구,서울 마포구 동교로9길 72,,100000,2,1,19,1,38,13,100000,2631.578947
벙커616,서울 강남구,"서울 강남구 강남대로110길 34 지하1층, 2층",역삼1동,2000000,2,1,480,24,960,320,83333.33333,86.80555556
연희동 갤러리(고급주택가 위치),서울 서대문구,서울 서대문구 연희로27길 42 1층,연희동,110000,1,1,80,8,80,27,13750,171.875
홍대 연남동 루프탑카페 / 행사 팝업 촬영공간대여,서울 마포구,서울 마포구 동교로51길 111 2층,,2000000,2,1,49.7,24,99.4,33,83333.33333,838.3635144
렌트더스페이스 3호점,서울 성동구,서울 성동구 광나루로4가길 33 1층,성수2가3동,2200000,1,1,110,23,110,37,95652.17391,869.5652174
[고메이494 한남] Sunken garden 1,서울 용산구,서울 용산구 한남대로 91 고메이494 한남,한남동,2000000,1,1,120,23,120,40,86956.52174,724.6376812
성수 연무장길 다겸테이블,서울 성동구,서울 성동구 연무장길 13 201호,성수2가3동,700000,1,0,128,23,128,43,30434.78261,237.7717391
[헬로먼데이] glass haus,서울 성동구,서울 성동구 성수일로1길 1,성수1가1동,360000,1,1,45.5,1,45.5,15,360000,7912.087912
서울숲 펍 구스케이지,서울 성동구,서울 성동구 서울숲2길 19-13 2층 201호(성수동1가),성수1가2동,1000000,3,1,56,23,168,56,43478.26087,258.7991718
논현역 팝업 공간 1층,서울 강남구,서울 강남구 강남대로 562 1층,논현1동,2000000,1,1,82.5,23,82.5,28,86956.52174,1054.018445
홍지탕,서울 동대문구,서울 동대문구 전농로29길 95 홍지탕,,2000000,2,1,100,23,200,67,86956.52174,434.7826087
동작구 성수목욕탕,서울 동작구,서울 동작구 사당로25길 8 성수목욕탕,,2000000,1,1,150,23,150,50,86956.52174,579.7101449
제스티살룬 연남,서울 마포구,서울 마포구 연희로 31,,1000000,1,1,72,23,72,24,43478.26087,603.8647343
[신사/팝업] 야외 광장,서울 서초구,서울 서초구 강남대로 589 105호,잠원동,1500000,1,1,174.7,23,174.7,58,65217.3913,373.3107688
[메가박스 센트럴 팝업] 로비,서울 서초구,서울 서초구 신반포로 194,반포동,1500000,1,1,150,23,150,50,65217.3913,434.7826087
[논현/팝업] 야외 주차장,서울 서초구,서울 서초구 신반포로47길 8 주차장,잠원동,3500000,1,1,750,23,750,250,152173.913,202.8985507
0.5-1.5층 대관,서울 강남구,서울 강남구 압구정로10길 30-1,신사동,1500000,1,1,50,24,50,17,62500,1250
2.5층 대관,서울 강남구,서울 강남구 압구정로10길 30-1,신사동,2000000,1,0,35,24,35,12,83333.33333,2380.952381
성수지앵 협동조합 전체,서울 성동구,서울 성동구 왕십리로 101 1F,,3000000,4,1,160,24,640,213,125000,195.3125
홍대 문화공간/라운지,서울 마포구,서울 마포구 와우산로29길 14-29 이세상괜한걱정,,200000,1,1,29.9,1,29.9,10,200000,6688.963211
익선동 역세권 오락실,서울 종로구,서울 종로구 수표로28길 23-6 콤콤오락실 익선동점,종로1234가동,300000,2,1,102,24,204,68,12500,61.2745098
크림 합정,서울 마포구,서울 마포구 와우산로17길 19-15,,2000000,2,1,212,24,424,141,83333.33333,196.5408805
플라스틱프로덕트 성수 : MPa 갤러리,서울 성동구,서울 성동구 연무장길 89 4층 플라스틱프로덕트,성수2가3동,2000000,1,0,297,23,297,99,86956.52174,292.7829015
성수 서울숲 야외 실내 팝업 Super Space,서울 성동구,서울 성동구 왕십리로 114 3층,,400000,1,0,55,23,55,18,17391.30435,316.2055336
서울숲 팝타운,서울 성동구,서울 성동구 서울숲6길 22,성수1가2동,8000000,5,1,119,24,595,198,333333.3333,560.2240896
동대문 80년 역사를 간직한 복합문화공간 [시대여관],서울 종로구,서울 종로구 종로46가길 13 시대여관,창신1동,50000,2,1,224,1,448,149,50000,111.6071429
[고메이494 한남] 내부팝업존 C,서울 용산구,서울 용산구 한남대로 91 고메이494 한남,한남동,1500000,1,1,20.2,23,20.2,7,65217.3913,3228.583728
브릭 피라미드 서울숲 4층,서울 성동구,서울 성동구 서울숲4길 18-5,성수1가2동,1000000,6,1,112.5,23,675,225,43478.26087,64.41223833
브릭 피라미드 서울숲 루프탑,서울 성동구,서울 성동구 서울숲4길 18-5,성수1가2동,1000000,6,1,112.5,23,675,225,43478.26087,64.41223833
[네버마인드] 전시홀 B,서울 마포구,"서울 마포구 동교로22길 14 B1, B2",,5000000,2,0,52.5,23,105,35,217391.3043,2070.393375
[헬로먼데이] 9F lounge,서울 성동구,서울 성동구 성수일로1길 1,성수1가1동,1000000,1,0,84,23,84,28,43478.26087,517.5983437
[메가박스 센트럴 팝업] 입구,서울 서초구,서울 서초구 신반포로 194,반포동,2000000,1,1,150,23,150,50,86956.52174,579.7101449
[메가박스 성수 팝업] 부티크 라운지,서울 성동구,서울 성동구 왕십리로 50 3층 메가박스 성수,,3500000,1,0,425,23,425,142,152173.913,358.056266
연희동 복합문화공간 시도,서울 서대문구,서울 서대문구 연희맛로 7-7 1~2F,연희동,3000000,2,1,52.5,24,105,35,125000,1190.47619
[압구정/팝업] 주차장,서울 강남구,서울 강남구 언주로168길 6-9 대성유료주차장,압구정동,3500000,1,1,320,24,320,107,145833.3333,455.7291667
성수지앵 협동조합 카페,서울 성동구,서울 성동구 왕십리로 101 1F,,1000000,2,1,137.4,24,274.8,92,41666.66667,151.6254246
메가박스 상봉 메인로비,서울 중랑구,서울 중랑구 망우로30길 3 4층 메가박스,,500000,1,0,585.6,24,585.6,195,20833.33333,35.57604736
학동사거리 카페 공간,서울 강남구,서울 강남구 언주로150길 51 2층 천장지구,논현2동,1000000,1,0,108,24,108,36,41666.66667,385.8024691
연남동 레스토랑 공간,서울 마포구,서울 마포구 동교로51안길 16 1층,,1500000,1,1,600,24,600,200,62500,104.1666667
성수연방 3F 카페,서울 성동구,서울 성동구 성수이로14길 14 성수연방,성수2가1동,3000000,1,0,300,24,300,100,125000,416.6666667
[뚝섬/성수/서울숲] 성수동 팝업 공간,서울 성동구,서울 성동구 왕십리로 114 1층 01호 빙맥홀닭,,1200000,1,1,68,23,68,23,52173.91304,767.2634271
서울숲과 연무장길 사잇길 1층 성수동 다양성 45평공간,서울 성동구,서울 성동구 왕십리로4길 3 1층,,50000,1,1,149,1,149,50,50000,335.5704698
1984 홍대,서울 마포구,서울 마포구 동교로 194,,2000000,1,1,197.5,24,197.5,66,83333.33333,421.9409283
리드미 홍대,서울 마포구,서울 마포구 월드컵북로6길 83,,1000000,1,1,99,24,99,33,41666.66667,420.8754209
W카페 홍대,서울 마포구,서울 마포구 동교로25길 16,,1500000,2,1,138.6,24,277.2,92,62500,225.4689755
화인페이퍼갤러리 홍대,서울 마포구,서울 마포구 연남로1길 30,,1200000,1,1,99,24,99,33,50000,505.0505051
발견 성수 3호점,서울 성동구,서울 성동구 연무장9길 5,성수2가3동,1000000,2,1,75,24,150,50,41666.66667,277.7777778
발견 성수 2호점,서울 성동구,서울 성동구 연무장길 31-1,성수2가3동,1000000,2,1,31,24,62,21,41666.66667,672.0430108
발견 성수1호점,서울 성동구,서울 성동구 연무장길 50,성수2가1동,1000000,1,1,17,24,17,6,41666.66667,2450.980392
투올더드리머스 신사,서울 강남구,서울 강남구 강남대로160길 21,신사동,1500000,1,1,61,24,61,20,62500,1024.590164
얼스베이크샵 성수,서울 성동구,서울 성동구 상원6나길 7 성수동1가 13-428,성수1가2동,3000000,1,1,98.3,24,98.3,33,125000,1271.617497
폴라이트 군자,서울 광진구,서울 광진구 동일로 276,군자동,200000,2,1,195.7,24,391.4,130,8333.333333,21.29109181
팡팡샷 성수동 루프탑 아메리칸 빈티지 인더스트리얼,서울 성동구,서울 성동구 연무장길 94 4층 팡팡샷,성수2가1동,100000,2,0,119,1,238,79,100000,420.1680672
성수 웜브라운,서울 성동구,서울 성동구 연무장길 16-2,성수1가1동,3000000,1,1,70,23,70,23,130434.7826,1863.354037
그로어스 연희,서울 서대문구,서울 서대문구 연희로27길 52,연희동,2000000,1,1,256,23,256,85,86956.52174,339.673913
서울숲 NW하우스,서울 성동구,서울 성동구 서울숲2길 13-27,성수1가2동,2000000,2,1,195.7,23,391.4,130,86956.52174,222.1679145
포레포레,서울 성동구,서울 성동구 서울숲2길 40-10,성수1가2동,6000000,1,1,289.2,23,289.2,96,260869.5652,902.0386073
가로수길 팝업/대관 다이닝바 안주집,서울 강남구,서울 강남구 도산대로11길 34 지하1층,신사동,3000000,1,0,270,23,270,90,130434.7826,483.0917874
[용리단길] 더 플레이스 연,서울 용산구,서울 용산구 한강대로48길 17-4,한강로동,3500000,4,0,64,23,256,85,152173.913,594.4293478
신용산 SEOUL 281,서울 용산구,서울 용산구 한강대로 133-1,한강로동,2500000,2,1,30,23,60,20,108695.6522,1811.594203
[고메이494 한남] Casuial Dining,서울 용산구,서울 용산구 한남대로 91 고메이494 한남,한남동,2000000,1,1,615,23,615,205,86956.52174,141.3927183
[고메이494 한남] 야외팝업존 B,서울 용산구,서울 용산구 한남대로 91 고메이494 한남,한남동,1500000,1,1,27.3,23,27.3,9,65217.3913,2388.915432
[고메이494 한남] 내부팝업존 B,서울 용산구,서울 용산구 한남대로 91 고메이494 한남,한남동,1500000,1,1,10,23,10,3,65217.3913,6521.73913
브릭 피라미드 서울숲 3층,서울 성동구,서울 성동구 서울숲4길 18-5,성수1가2동,1000000,6,1,112.5,23,675,225,43478.26087,64.41223833
성수 서울숲 펍 케이지드,서울 성동구,"서울 성동구 왕십리로 104 지하1층(성수동1가, 영화빌딩)",,1000000,1,0,130,23,130,43,43478.26087,334.4481605
세컨라운드 신촌,서울 서대문구,서울 서대문구 신촌로 51 1F,신촌동,250000,1,1,54,10,54,18,25000,462.962963
논현동 아티잰 빌딩 옥외광고,서울 강남구,서울 강남구 논현로 614,논현2동,1000000,2,1,150,23,300,100,43478.26087,144.9275362
논현동 아티잰 빌딩 2층,서울 강남구,서울 강남구 논현로 614,논현2동,1500000,2,1,150,23,300,100,65217.3913,217.3913043
유성대중사우나 남탕,서울 마포구,서울 마포구 성미산로 32-1,,2000000,2,0,90,23,180,60,86956.52174,483.0917874
아트힐 연희 루프탑,서울 서대문구,서울 서대문구 연희로11다길 15,연희동,1500000,1,0,180,23,180,60,65217.3913,362.3188406
아트힐 연희 2F 카페,서울 서대문구,서울 서대문구 연희로11다길 15,연희동,1500000,2,0,50,23,100,33,65217.3913,652.173913
목욕탕 실내포차,서울 동대문구,서울 동대문구 전농로29길 95 홍지탕,,2000000,2,1,100,23,200,67,86956.52174,434.7826087
3층 팝업 공간 E,서울 용산구,서울 용산구 청파로 74,한강로동,500000,1,0,35,24,35,12,20833.33333,595.2380952
3층 팝업 공간 D,서울 용산구,서울 용산구 청파로 74,한강로동,500000,1,0,35,24,35,12,20833.33333,595.2380952
1층 팝업 공간 C + 복도,서울 용산구,서울 용산구 청파로 74,한강로동,2000000,1,1,310,24,310,103,83333.33333,268.8172043
[메가박스 센트럴 팝업] 상영관 복도,서울 서초구,서울 서초구 신반포로 194,반포동,2000000,1,0,150,23,150,50,86956.52174,579.7101449
[메가박스 강남 팝업] 로비,서울 서초구,서울 서초구 서초대로77길 3,반포동,2000000,4,0,150,23,600,200,86956.52174,144.9275362
양재천 인근 프로젝트룸,서울 서초구,서울 서초구 양재천로23길 7 1층,양재1동,1500000,1,1,56.2,24,56.2,19,62500,1112.099644
[회현] 야외주차장,서울 중구,서울 중구 퇴계로6길 7,회현동,3000000,1,1,639.2,24,639.2,213,125000,195.5569462
상수 역세권 술집,서울 마포구,서울 마포구 와우산로 28 1층 2호,,0,1,1,45.5,24,45.5,15,1200000,26373.62637
합정 실내외 행사공간,서울 마포구,서울 마포구 잔다리로3안길 21 서교동 395-111베이스캠프,,0,1,1,156.8,24,156.8,52,1200000,7653.061224
홍대 연남동 팝업스토어 공간 1F,서울 마포구,서울 마포구 동교로38안길 11,,450000,1,1,76,23,76,25,19565.21739,257.4370709
"합정역 팝업스토어 , 공간대여",서울 마포구,서울 마포구 잔다리로3안길 35 1층,,1000000,1,1,83,23,83,28,43478.26087,523.8344683
구욱희씨 성수,서울 성동구,서울 성동구 서울숲2길 27,성수1가2동,6000000,1,1,340,24,340,113,250000,735.2941176
인스포토 연남 2호점,서울 마포구,서울 마포구 양화로21길 33,,2000000,1,1,26,24,26,9,83333.33333,3205.128205
L7 호텔 강남,서울 강남구,서울 강남구 테헤란로 415,삼성2동,5000000,1,0,210,24,210,70,208333.3333,992.0634921
산울림소극장 카페 홍대,서울 마포구,서울 마포구 와우산로 157,,0,3,1,147,24,441,147,1200000,2721.088435
모과 압구정로데오,서울 강남구,서울 강남구 선릉로 842,청담동,7000000,1,1,184.4,24,184.4,61,291666.6667,1581.706435
크래프트한스 연남,서울 마포구,서울 마포구 양화로23길 22 서울 마포구 양화로23길 22,,3000000,4,1,133,24,532,177,125000,234.962406
공간머신,서울 서대문구,서울 서대문구 연희로25길 101 연화아파트상가지하1층1호,연희동,45000,1,0,132,9,132,44,5000,37.87878788
잠실 엠 스테이크하우스,서울 송파구,"서울 송파구 올림픽로 300 에비뉴엘, 6층",,500000,1,0,349,1,349,116,500000,1432.664756
장디자인아트(JEAN DESIGNART),서울 강남구,서울 강남구 도산대로67길 27 1~2층,청담동,10000000,2,1,198.8,23,397.6,133,434782.6087,1093.517628
로직스퀘어,서울 강남구,서울 강남구 학동로11길 6,논현1동,2000000,2,1,270,23,540,180,86956.52174,161.0305958
디청담 옥외광고,서울 강남구,서울 강남구 압구정로79길 58 디청담,청담동,1000000,1,1,400,23,400,133,43478.26087,108.6956522
인포멀스퀘어 옥외광고,서울 성동구,서울 성동구 서울숲4길 15-1 통건물,성수1가2동,1500000,4,0,697,23,2788,929,65217.3913,23.39217766
6층 팝업 공간 A,서울 용산구,서울 용산구 청파로 74,한강로동,500000,1,0,100,24,100,33,20833.33333,208.3333333
5층 롯데시네마 용산관 통로,서울 용산구,서울 용산구 청파로 74,한강로동,500000,1,0,200,24,200,67,20833.33333,104.1666667
4층 복도 공간 A,서울 용산구,서울 용산구 청파로 74,한강로동,500000,1,0,40,24,40,13,20833.33333,520.8333333
4층 롯데시네마 용산관 통로,서울 용산구,서울 용산구 청파로 74,한강로동,500000,1,0,120,24,120,40,20833.33333,173.6111111
4층 롯데시네마 용산관 복도,서울 용산구,서울 용산구 청파로 74,한강로동,500000,1,0,40,24,40,13,20833.33333,520.8333333
3층 팝업 공간 B,서울 용산구,서울 용산구 청파로 74,한강로동,700000,1,0,133,24,133,44,29166.66667,219.2982456
3층 팝업 공간 C,서울 용산구,서울 용산구 청파로 74,한강로동,500000,1,0,84,24,84,28,20833.33333,248.015873
2층 팝업 공간 B,서울 용산구,서울 용산구 청파로 74,한강로동,500000,1,0,21,24,21,7,20833.33333,992.0634921
2층 팝업 공간 A,서울 용산구,서울 용산구 청파로 74,한강로동,500000,1,0,36,24,36,12,20833.33333,578.7037037
2층 특별행사장,서울 용산구,서울 용산구 청파로 74,한강로동,1000000,1,0,90,24,90,30,41666.66667,462.962963
1층 팝업 공간 B,서울 용산구,서울 용산구 청파로 74,한강로동,500000,1,0,88,24,88,29,20833.33333,236.7424242
한남동 치로 피자바,서울 용산구,서울 용산구 이태원로 254 3층,한남동,7000000,1,0,144,23,144,48,304347.8261,2113.52657
[메가박스 이수 팝업] 상영관 진입로,서울 동작구,서울 동작구 동작대로 89,,1000000,1,0,150,23,150,50,43478.26087,289.8550725
[메가박스 이수 팝업] 상영관 복도,서울 동작구,서울 동작구 동작대로 89,,1000000,1,0,150,23,150,50,43478.26087,289.8550725
[메가박스 이수 팝업] 로비,서울 동작구,서울 동작구 동작대로 89,,1000000,1,0,150,23,150,50,43478.26087,289.8550725
[메가박스 센트럴 팝업] 카페 라운지,서울 서초구,서울 서초구 신반포로 194,반포동,1000000,1,0,150,23,150,50,43478.26087,289.8550725
[메가박스 성수 팝업] 로비,서울 성동구,서울 성동구 왕십리로 50 3층 메가박스 성수,,1000000,1,0,150,23,150,50,43478.26087,289.8550725
[메가박스 강남 팝업] 상영관 복도,서울 서초구,서울 서초구 서초대로77길 3,반포동,1000000,4,0,150,23,600,200,43478.26087,72.46376812
건대입구 레스토랑,서울 광진구,서울 광진구 능동로 139 3층 송빠,화양동,0,1,0,69,24,69,23,1200000,17391.30435
151빌딩 홍대 연남,서울 마포구,서울 마포구 성미산로 151-1,,5650000,4,1,536,24,2144,715,235416.6667,109.8025498
연남장 홍대,서울 서대문구,서울 서대문구 연희로5길 22,연희동,5000000,2,1,300,24,600,200,208333.3333,347.2222222
스테이블 신촌,서울 마포구,서울 마포구 신촌로16길 29,,1000000,1,1,78.8,24,78.8,26,41666.66667,528.7648054
기록상점 홍대 연남,서울 마포구,서울 마포구 성미산로29길 24-6,,1500000,4,1,252.6,24,1010.4,337,62500,61.85669042
이야이야앤프랜즈 압구정 도산,서울 강남구,서울 강남구 도산대로51길 22,압구정동,8000000,4,1,592,24,2368,789,333333.3333,140.7657658
연남동 팝업스토어 -B급 프로젝트-,서울 마포구,서울 마포구 성미산로29길 39 2층,,0,1,0,26.4,24,26.4,9,1200000,45454.54545
비저블스토리지,서울 성동구,서울 성동구 성덕정길 68 (성수동1가 308-2),성수1가1동,2500000,5,1,298,23,1490,497,108695.6522,72.95010213
디퍼,서울 용산구,서울 용산구 이태원로27가길 8 지하1층,이태원1동,5000000,1,0,200,24,200,67,208333.3333,1041.666667
홍대 연남 작심 통건물,서울 마포구,서울 마포구 양화로23길 4-5,,3000000,5,1,260,24,1300,433,125000,96.15384615
츄톡 홍대 연남,서울 마포구,서울 마포구 연희로1길 22,,800000,4,1,76,24,304,101,33333.33333,109.6491228
서울숲 팝업 카페 대관,서울 성동구,"서울 성동구 서울숲2길 24-7 1,2층",성수1가2동,500000,2,1,188.5,12,377,126,41666.66667,110.5216622
한남동 이국적이고 모던한 대형 라운지펍 비스트로 멕시,서울 용산구,서울 용산구 이태원로 191 2층,이태원1동,9000000,1,0,564,24,564,188,375000,664.893617
케이브118 청담,서울 강남구,서울 강남구 도산대로81길 13 지하 1층,청담동,1000000,1,0,140,24,140,47,41666.66667,297.6190476
한남동 유엔빌리지 전시 팝업 공간,서울 용산구,서울 용산구 유엔빌리지길 24 1층,한남동,700000,1,1,70,23,70,23,30434.78261,434.7826087
메타그라운드 성수,서울 성동구,서울 성동구 왕십리로 50 4층 메타그라운드,,2500000,1,0,330,23,330,110,108695.6522,329.3807642
팝업 전시 모임 다목적 대여공간,서울 중구,서울 중구 충무로2길 32-12 2층 체크책,광희동,15000,1,0,43,1,43,14,15000,348.8372093
큐비스토리 성수,서울 성동구,서울 성동구 아차산로 83 F2빌딩 1층,성수2가3동,1500000,1,1,100,24,100,33,62500,625
플롭피자 연남,서울 마포구,서울 마포구 동교로38길 27-9,,3000000,1,1,200,24,200,67,125000,625
카페드댕 연남,서울 마포구,"서울 마포구 동교로 269 1층, 2층",,2500000,2,1,174.8,24,349.6,117,104166.6667,297.9595728
어쿠스틱 연남,서울 마포구,서울 마포구 동교로29길 40 1층,,1600000,1,1,76,24,76,25,66666.66667,877.1929825
센트럴사이트 연남,서울 마포구,서울 마포구 연희로 29-1,,1000000,3,1,141,24,423,141,41666.66667,98.50275808
세인트메리 연남,서울 마포구,서울 마포구 연희로1길 45,,1500000,1,1,38,24,38,13,62500,1644.736842
미로플라워 연남,서울 마포구,서울 마포구 연희로1길 22,,2000000,1,1,43,24,43,14,83333.33333,1937.984496
콩크리트,서울 용산구,"서울 용산구 두텁바위로 79-4 1층, 2층",후암동,800000,2,1,86.3,1,172.6,58,800000,4634.994206
매드포갈릭 예술의전당점,서울 서초구,서울 서초구 반포대로 22 서초평화빌딩 지하1층,서초3동,500000,1,0,227.5,1,227.5,76,500000,2197.802198
매드포갈릭 역삼,서울 강남구,서울 강남구 테헤란로 134 포스코 P&S타워 지하1층,역삼1동,500000,1,0,176,1,176,59,500000,2840.909091
매드포갈릭 봉은사 아이파크타워,서울 강남구,서울 강남구 영동대로 520 지하1층,삼성1동,500000,1,0,672,1,672,224,500000,744.047619
연무장길 17-1 B1,서울 성동구,서울 성동구 연무장길 17-1 지하1층,성수2가3동,500000,1,0,251.9,8,251.9,84,62500,248.1143311
서울숲 바이크 샵,서울 성동구,서울 성동구 서울숲9길 5 1층,성수1가2동,600000,1,1,125,23,125,42,26086.95652,208.6956522
청담 옥탑광고,서울 강남구,서울 강남구 도산대로 539,청담동,600000,1,0,90.1,23,90.1,30,26086.95652,289.5333687
웨이즈커피 옥외광고,서울 마포구,서울 마포구 동교로46길 42-20 2층,,2000000,1,0,64,23,64,21,86956.52174,1358.695652
서울숲 플로이(FLOWY) 옥외광고,서울 성동구,서울 성동구 서울숲2길 12 1층 FLOWY,성수1가2동,800000,1,1,150,23,150,50,34782.6087,231.884058
[메가박스 성수 팝업] 5층 복도,서울 성동구,서울 성동구 왕십리로 50 3층 메가박스 성수,,500000,1,0,150,23,150,50,21739.13043,144.9275362
이비스 호텔 로비공간,서울 강남구,서울 강남구 삼성로 431,대치4동,0,1,1,1050,24,1050,350,1200000,1142.857143
[신사] 팝업 공간 216호,서울 서초구,서울 서초구 강남대로 589 105호,잠원동,200000,1,0,60,23,60,20,8695.652174,144.9275362
공간감(공간+감각),서울 송파구,서울 송파구 백제고분로9길 54 지하1층,,220000,1,0,142,13,142,47,16923.07692,119.176598
[신사] 복층 팝업 공간 104호,서울 서초구,서울 서초구 강남대로 589 105호,잠원동,450000,2,1,51,23,102,34,19565.21739,191.8158568
[신사] 팝업 공간 215호+루프탑,서울 서초구,서울 서초구 강남대로 589 105호,잠원동,250000,2,1,33,23,66,22,10869.56522,164.6903821
[신사] 팝업 공간 102호,서울 서초구,서울 서초구 강남대로 589 105호,잠원동,960000,1,1,72,23,72,24,41739.13043,579.7101449
[신사] 팝업 공간 303호+테라스,서울 서초구,서울 서초구 강남대로 589 105호,잠원동,1300000,1,0,65,23,65,22,56521.73913,869.5652174
[신사] 팝업 공간 204-1호,서울 서초구,서울 서초구 강남대로 589 105호,잠원동,1400000,2,1,120,23,240,80,60869.56522,253.6231884
[신사] 팝업 공간 214호,서울 서초구,서울 서초구 강남대로 589 105호,잠원동,500000,1,1,96.7,23,96.7,32,21739.13043,224.8100355
Space.en,서울 서대문구,서울 서대문구 연희로 48-22 1층,연희동,200000,1,1,86,1,86,29,200000,2325.581395
신논현역 팝업스토어 공간,서울 서초구,서울 서초구 사평대로57길 21-2 2층,반포동,1000000,1,0,90,23,90,30,43478.26087,483.0917874
[신사] 팝업 공간 202호,서울 서초구,서울 서초구 강남대로 589 105호,잠원동,1400000,1,1,47.5,23,47.5,16,60869.56522,1281.464531
홍대-신촌 팝업 건물,서울 마포구,서울 마포구 신촌로 50,,3500000,4,1,200,23,800,267,152173.913,190.2173913
[신사] 팝업 공간 203호,서울 서초구,서울 서초구 강남대로 589 105호,잠원동,1400000,1,1,35.2,23,35.2,12,60869.56522,1729.249012
우사단길 전통주점,서울 용산구,서울 용산구 우사단로10길 79-1 1층,한남동,0,1,1,61.6896,24,61.6896,21,1200000,19452.22533
(성수/팝업) 성수동 인근 공실 1~3층+루프탑,서울 성동구,서울 성동구 뚝섬로9길 4,성수2가1동,4000000,4,1,176,23,704,235,173913.0435,247.0355731
패션 브랜드 팝업스토어 홍대,서울 마포구,서울 마포구 양화로12길 16-9 1층,,1500000,1,1,189,23,189,63,65217.3913,345.0655625
서울숲 모어스 통대관,서울 성동구,서울 성동구 서울숲4길 18-10,성수1가2동,3000000,5,1,123.4,23,617,206,130434.7826,211.4015926
신사하우스,서울 강남구,서울 강남구 강남대로162길 27 신사하우스,신사동,5000000,5,1,400,23,2000,667,217391.3043,108.6956522
숏리스트라운지,서울 종로구,서울 종로구 삼일대로15길 1 3층,종로1234가동,100000,1,0,20,1,20,7,100000,5000
스튜디오A,서울 중구,서울 중구 다산로22길 29 HWN 1층,청구동,60000,1,1,212.1,1,212.1,71,60000,282.8854314
스튜디오B+C,서울 중구,"서울 중구 다산로22길 29 HWN 5층,6층(루프탑)",청구동,60000,2,0,93.6,1,187.2,62,60000,320.5128205
트위스트 성수,서울 성동구,서울 성동구 성수이로7가길 11,성수2가1동,1800000,1,1,180,24,180,60,75000,416.6666667
더리빙룸at북촌빈관,서울 가회동,서울 종로구 북촌로11가길 10 1층,가회동,228000,1,1,99,1,99,33,228000,2303.030303
명동빌딩 맞은편 대관 공간A,서울 중구,서울 중구 명동길 73,명동,0,1,1,558,1,558,186,1200000,2150.537634
명동빌딩 맞은편 대관 공간B(2층),서울 중구,서울 중구 명동길 74,명동,0,1,0,687,1,687,229,1200000,1746.724891
명동빌딩 맞은편 대관 공간C(3층),서울 중구,서울 중구 명동길 75,명동,0,1,0,477,1,477,159,1200000,2515.72327
명동빌딩 맞은편 대관 공간D(4층),서울 중구,서울 중구 명동길 76,명동,0,1,0,592,1,592,197,1200000,2027.027027
갤러리 지오타 (한옥),서울 가회동,서울 종로구 북촌로 63-9,가회동,250000,1,1,66,10,66,22,25000,378.7878788
VA gallery 신당 통건물 팝업 대관 by SHARE.IT,서울 중구,서울 중구 퇴계로83길 26,신당동,1200000,4,1,143,13,572,200,92307.6923,161.3770844