역번호,역사명,노선번호,노선명,역위도,역경도,역사도로명주소,시군구,행정동
219,삼성(무역센터),S1102,2호선,,,서울특별시 강남구 테헤란로 지하538(삼성동),강남구 ,삼성1동
220,선릉,S1102,2호선,,,서울특별시 강남구 테헤란로 지하340(삼성동),강남구 ,삼성2동
221,역삼,S1102,2호선,,,서울특별시 강남구 테헤란로 지하156(역삼동),강남구 ,역삼1동
222,강남,S1102,2호선,,,서울특별시 강남구 강남대로 지하396(역삼동),강남구 ,역삼1동
336,압구정,I1103,3호선,,,서울특별시 강남구 압구정로 지하172(신사동),강남구 ,신사동
337,신사,I1103,3호선,,,서울특별시 강남구 도산대로 지하102(신사동),강남구 ,논현1동
343,매봉,I1103,3호선,,,서울특별시 강남구 남부순환로 지하2744(도곡동),강남구 ,도곡1동
344,도곡,I1103,3호선,,,서울특별시 강남구 남부순환로 지하2814(도곡동),강남구 ,도곡2동
345,대치,I1103,3호선,,,서울특별시 강남구 남부순환로 지하2952(대치동),강남구 ,대치2동
346,학여울,I1103,3호선,,,서울특별시 강남구 남부순환로 지하3104(대치동),강남구 ,대치2동
347,대청,I1103,3호선,,,서울특별시 강남구 일원로 지하2(일원동),강남구 ,개포3동
348,일원,I1103,3호선,,,서울특별시 강남구 일원로 지하121(일원동),강남구 ,일원본동
349,수서,I1103,3호선,,,서울특별시 강남구 광평로 지하270(수서동),강남구 ,수서동
729,청담,S1107,7호선,,,서울특별시 강남구 학동로 지하508(청담동),강남구 ,삼성1동
730,강남구청,S1107,7호선,,,서울특별시 강남구 학동로 지하346(삼성동),강남구 ,삼성2동
731,학동,S1107,7호선,,,서울특별시 강남구 학동로 지하180(논현동),강남구 ,논현2동
732,논현,S1107,7호선,,,서울특별시 강남구 학동로 지하102(논현동),강남구 ,논현1동
1848,압구정로데오역,I28K1,분당선,37.527385,127.040555,서울특별시 강남구 압구정동 495(강남구 압구정로 지하 402),강남구 ,청담동
1849,강남구청역,I28K1,분당선,37.517172,127.041275,서울특별시 강남구 학동로 지하 364,강남구 ,청담동
1850,선정릉역,I28K1,분당선,37.510275,127.043817,서울특별시 강남구 선릉로 지하 580(삼성동),강남구 ,삼성2동
1023,선릉역,I28K1,분당선,37.504479,127.048941,서울특별시 강남구 테헤란로 지하 340,강남구 ,삼성2동
1024,한티역,I28K1,분당선,37.496208,127.052883,서울특별시 강남구 선릉로 지하 228,강남구 ,도곡2동
1025,도곡역,I28K1,분당선,37.490914,127.055393,서울특별시 강남구 남부순환로 지하 2814,강남구 ,도곡2동
1026,구룡역,I28K1,분당선,37.486985,127.059496,서울특별시 강남구 개포동 175번지,강남구 ,개포2동
1027,개포동역,I28K1,분당선,37.489112,127.066027,서울특별시 강남구 개포동 지하 420(개포동),강남구 ,개포2동
1028,대모산입구역,I28K1,분당선,37.491347,127.072702,서울특별시 강남구 일원동 611번지,강남구 ,개포3동
1030,수서역,I28K1,분당선,37.487633,127.101118,서울특별시 강남구 광평로 지하 270(수서동),강남구 ,수서동
4125,신논현,S1109,수도권  도시철도 9호선,,,서울특별시 강남구 봉은사로 지하102,강남구 ,역삼1동
4126,언주,S1109,수도권  도시철도 9호선,,,서울특별시 강남구 봉은사로 201,강남구 ,논현2동
4127,선정릉,S1109,수도권  도시철도 9호선,,,서울특별시 강남구 선릉로 580,강남구 ,삼성2동
4128,삼성중앙,S1109,수도권  도시철도 9호선,,,서울특별시 강남구 봉은사로 501,강남구 ,삼성2동
4129,봉은사,S1109,수도권  도시철도 9호선,,,서울특별시 강남구 봉은사로 601,강남구 ,삼성1동
D004,신사,I11D1,신분당선,127.0197609,37.51612526,서울특별시 강남구 강남대로 620-2,강남구 ,신사동
D005,논현,I11D1,신분당선,127.0213658,37.51111538,서울특별시 강남구 강남대로 492-2,강남구 ,논현1동
D006,신논현,I11D1,신분당선,127.0245306,37.50455543,서울특별시 강남구 강남대로 302-2,강남구 ,역삼1동
D007,강남,I11D1,신분당선,127.0278789,37.49738544,서울특별시 강남구 강남대로 지하 396,강남구 ,역삼1동
547,천호(풍납토성),S1105,5호선,,,서울특별시 강동구 천호대로 지하997(천호동),강동구 ,성내2동
548,강동,S1105,5호선,,,서울특별시 강동구 천호대로 지하1097(천호동),강동구 ,성내2동
549,길동,S1105,5호선,,,서울특별시 강동구 양재대로 지하1480(길동),강동구 ,길동
550,굽은다리(강동구민회관앞),S1105,5호선,,,서울특별시 강동구 양재대로 지하1572(명일동),강동구 ,명일1동
551,명일,S1105,5호선,,,서울특별시 강동구 양재대로 지하1632(명일동),강동구 ,명일1동
552,고덕,S1105,5호선,,,서울특별시 강동구 고덕로 지하253(고덕동),강동구 ,고덕1동
553,상일동,S1105,5호선,,,서울특별시 강동구 고덕로 지하359(상일동),강동구 ,상일1동
P549,둔촌동,S1105,5호선,,,서울특별시 강동구 양재대로 지하1369(둔촌동),강동구 ,성내3동
554,강일,S1105,5호선,,,서울특별시 강동구 고덕로 지하456(강일동),강동구 ,상일2동
810,암사,S1108,8호선,,,서울특별시 강동구 올림픽로 지하776(암사동),강동구 ,암사1동
811,천호(풍납토성),S1108,8호선,,,서울특별시 강동구 천호대로 지하997(천호동),강동구 ,성내2동
812,강동구청,S1108,8호선,,,서울특별시 강동구 올림픽로 지하550(성내동),강동구 ,성내1동
4137,둔촌오륜,S1109,수도권  도시철도 9호선,,,서울특별시 강동구 강동대로 지하 327,강동구 ,둔촌1동
4138,중앙보훈병원,S1109,수도권  도시철도 9호선,,,서울특별시 강동구 명일로 지하 117,강동구 ,둔촌2동
414,수유(강북구청),I1104,4호선,,,서울특별시 강북구 도봉로 지하338(수유동),강북구 ,수유3동
415,미아(서울사이버대학),I1104,4호선,,,서울특별시 강북구 도봉로 지하198(미아동),강북구 ,미아동
416,미아사거리,I1104,4호선,,,서울특별시 강북구 도봉로 지하50(미아동),강북구 ,송중동
S110,북한산우이,L11UI,우이신설선,,,서울특별시 강북구 삼양로 지하 676,강북구 ,우이동
S111,솔밭공원,L11UI,우이신설선,,,서울특별시 강북구 삼양로 595,강북구 ,우이동
S112,4.19민주묘지,L11UI,우이신설선,,,서울특별시 강북구 삼양로 519,강북구 ,우이동
S113,가오리,L11UI,우이신설선,,,서울특별시 강북구 삼양로 426,강북구 ,수유2동
S114,화계,L11UI,우이신설선,,,서울특별시 강북구 삼양로 341,강북구 ,수유1동
S115,삼양,L11UI,우이신설선,,,서울특별시 강북구 삼양로 지하 259,강북구 ,삼양동
S116,삼양사거리,L11UI,우이신설선,,,서울특별시 강북구 삼양로 197,강북구 ,삼양동
S117,솔샘,L11UI,우이신설선,,,서울특별시 강북구 솔샘로 지하 189,강북구 ,삼양동
510,방화,S1105,5호선,,,서울특별시 강서구 금낭화로 지하132(방화동),강서구 ,방화3동
511,개화산,S1105,5호선,,,서울특별시 강서구 양천로 22(방화동),강서구 ,방화2동
512,김포공항,S1105,5호선,,,서울특별시 강서구 하늘길 지하77(방화동),강서구 ,공항동
513,송정,S1105,5호선,,,서울특별시 강서구 공항대로 지하33(공항동),강서구 ,공항동
514,마곡,S1105,5호선,,,서울특별시 강서구 공항대로 지하163(마곡동),강서구 ,공항동
515,발산,S1105,5호선,,,서울특별시 강서구 공항대로 지하267(마곡동),강서구 ,가양1동
516,우장산,S1105,5호선,,,서울특별시 강서구 강서로 지하262(화곡동),강서구 ,우장산동
517,화곡,S1105,5호선,,,서울특별시 강서구 화곡로 지하168(화곡동),강서구 ,화곡1동
518,까치산,S1105,5호선,,,서울특별시 강서구 강서로 지하54(화곡동),강서구 ,화곡8동
1980,김포공항역,,서해선,37.5621179,126.8028568,서울특별시 강서구 하늘길 지하 77,강서구 ,공항동
4101,개화,S1109,수도권  도시철도 9호선,,,서울특별시 강서구 개화동로8길 19,강서구 ,방화2동
4102,김포공항,S1109,수도권  도시철도 9호선,,,서울특별시 강서구 하늘길 지하77,강서구 ,공항동
4103,공항시장,S1109,수도권  도시철도 9호선,,,서울특별시 강서구 방화동로 지하30,강서구 ,공항동
4104,신방화,S1109,수도권  도시철도 9호선,,,서울특별시 강서구 방화대로 지하301,강서구 ,방화1동
4105,마곡나루,S1109,수도권  도시철도 9호선,,,서울특별시 강서구 마곡중앙5로 지하2,강서구 ,가양1동
4106,양천향교,S1109,수도권  도시철도 9호선,,,서울특별시 강서구 양천로 지하341,강서구 ,가양1동
4107,가양,S1109,수도권  도시철도 9호선,,,서울특별시 강서구 양천로 지하485,강서구 ,가양2동
4108,증미,S1109,수도권  도시철도 9호선,,,서울특별시 강서구 양천로 지하560,강서구 ,등촌1동
4109,등촌,S1109,수도권  도시철도 9호선,,,서울특별시 강서구 공항대로 지하529,강서구 ,등촌1동
4110,염창,S1109,수도권  도시철도 9호선,,,서울특별시 강서구 공항대로 지하631,강서구 ,염창동
A042,마곡나루,I28A1,인천국제공항선,37.56581914,126.8276358,서울특별시 강서구 마곡중앙로 지하 135,강서구 ,방화1동
A05,김포공항,I28A1,인천국제공항선,37.56211652,126.8015442,서울특별시 강서구 하늘길 77,강서구 ,공항동
227,낙성대(강감찬),S1102,2호선,,,서울특별시 관악구 남부순환로 지하1928(봉천동),관악구 ,행운동
228,서울대입구(관악구청),S1102,2호선,,,서울특별시 관악구 남부순환로 지하1822(봉천동),관악구 ,중앙동
229,봉천,S1102,2호선,,,서울특별시 관악구 남부순환로 지하1721(봉천동),관악구 ,은천동
230,신림,S1102,2호선,,,서울특별시 관악구 남부순환로 지하1614(신림동),관악구 ,신림동
S407,당곡,L11SL,수도권 경량도시철도 신림선,37.49003911,126.9275688,서울특별시 관악구 보라매로 6 (봉천동),관악구 ,보라매동
S408,신림,L11SL,수도권 경량도시철도 신림선,37.48489076,126.9296099,서울특별시 관악구 남부순환로 지하1614 (신림동),관악구 ,신림동
S409,서원,L11SL,수도권 경량도시철도 신림선,37.47827336,126.9332282,서울특별시 관악구 신림로 258 (신림동),관악구 ,서원동
S410,서울대벤처타운,L11SL,수도권 경량도시철도 신림선,37.47204068,126.9339766,서울특별시 관악구 신림로 144 (신림동),관악구 ,서림동
S411,관악산,L11SL,수도권 경량도시철도 신림선,37.46916896,126.9449548,서울특별시 관악구 신림로 23 (신림동),관악구 ,대학동
212,건대입구,S1102,2호선,,,서울특별시 광진구 아차산로 243(화양동),광진구 ,화양동
213,구의(광진구청),S1102,2호선,,,서울특별시 광진구 아차산로 384-1(구의동),광진구 ,자양2동
214,강변(동서울터미널),S1102,2호선,,,서울특별시 광진구 강변역로 53(구의동),광진구 ,구의3동
544,군자(능동),S1105,5호선,,,서울특별시 광진구 천호대로 지하550(능동),광진구 ,중곡1동
545,아차산(어린이대공원후문),S1105,5호선,,,서울특별시 광진구 천호대로 지하657(능동),광진구 ,능동
546,광나루(장신대),S1105,5호선,,,서울특별시 광진구 아차산로 지하571(광장동),광진구 ,광장동
724,중곡,S1107,7호선,,,서울특별시 광진구 능동로 지하417(중곡동),광진구 ,중곡3동
725,군자(능동),S1107,7호선,,,서울특별시 광진구 천호대로 지하550(능동),광진구 ,중곡1동
726,어린이대공원(세종대),S1107,7호선,,,서울특별시 광진구 능동로 지하210(화양동),광진구 ,능동
727,건대입구,S1107,7호선,,,서울특별시 광진구 능동로 지하110(화양동),광진구 ,화양동
728,뚝섬유원지,S1107,7호선,,,서울특별시 광진구 능동로 10(자양동),광진구 ,자양3동
232,구로디지털단지,S1102,2호선,,,서울특별시 구로구 도림천로 477(구로동),구로구 ,구로3동
233,대림(구로구청),S1102,2호선,,,서울특별시 구로구 도림천로 351(구로동),구로구 ,구로4동
234,신도림,S1102,2호선,,,서울특별시 구로구 새말로 지하 117-21(신도림동),구로구 ,신도림동
2341,도림천,S1122,2호선,,,서울특별시 구로구 경인로67길 160(신도림동),구로구 ,신도림동
745,남구로,S1107,7호선,,,서울특별시 구로구 도림로 지하7(구로동) ,구로구 ,구로3동
749,천왕,S1107,7호선,,,서울특별시 구로구 오리로 지하1154(천왕동),구로구 ,오류2동
750,온수(성공회대입구),S1107,7호선,,,서울특별시 구로구 경인로3길 지하64(온수동),구로구 ,수궁동
1007,신도림역,I4101,경부선,37.508983,126.891513,서울특별시 구로구 새말로 117-21,구로구 ,신도림동
1701,구로역,I4101,경부선,37.503178,126.882037,서울특별시 구로구 구로중앙로 174,구로구 ,구로5동
1813,구일역,I1101,경인선,37.496273,126.869599,서울특별시 구로구 구일로 133,구로구 ,구로2동
1801,개봉역,I1101,경인선,37.494698,126.858504,서울특별시 구로구 경인로 40길 47,구로구 ,개봉1동
1802,오류동역,I1101,경인선,37.4944,126.844551,서울특별시 구로구 경인로 20길 13,구로구 ,오류1동
1821,온수역,I1101,경인선,37.492267,126.823399,서울특별시 구로구 부일로 872,구로구 ,수궁동
746,가산디지털단지,S1107,7호선,,,서울특별시 금천구 벚꽃로 309(가산동),금천구 ,가산동
1702,가산디지털단지역,I4101,경부선,37.481568,126.882628,서울특별시 금천구 벚꽃로 309,금천구 ,가산동
1714,독산역,I4101,경부선,37.465994,126.889508,서울특별시 금천구 벚꽃로 115,금천구 ,독산1동
1703,금천구청역,I4101,경부선,37.45576,126.894344,서울특별시 금천구 시흥대로 63길 91,금천구 ,시흥1동
409,당고개,I1104,4호선,,,서울특별시 노원구 상계로 305(상계동),노원구 ,상계3.4동
410,상계,I1104,4호선,,,서울특별시 노원구 상계로 182(상계동),노원구 ,상계5동
411,노원,I1104,4호선,,,서울특별시 노원구 상계로 69-1(상계동),노원구 ,상계2동
644,석계,S1106,6호선,,,서울특별시 노원구 화랑로 지하 347-1(월계동) ,노원구 ,월계3동
645,태릉입구,S1106,6호선,,,서울특별시 노원구 동일로 지하 992-1(공릉동),노원구 ,공릉1동
646,화랑대(서울여대입구),S1106,6호선,,,서울특별시 노원구 화랑로 지하510(공릉동),노원구 ,공릉2동
711,수락산,S1107,7호선,,,서울특별시 노원구 동일로 지하1662(상계동),노원구 ,상계1동
712,마들,S1107,7호선,,,서울특별시 노원구 동일로 지하1530-1(상계동),노원구 ,상계8동
713,노원,S1107,7호선,,,서울특별시 노원구 동일로 지하1409(상계동),노원구 ,상계2동
714,중계,S1107,7호선,,,서울특별시 노원구 동일로 지하1308-1(중계동),노원구 ,중계2.3동
715,하계,S1107,7호선,,,서울특별시 노원구 동일로 지하1196(하계동),노원구 ,하계2동
716,공릉(서울과학기술대),S1107,7호선,,,서울특별시 노원구 동일로 지하1074(공릉동),노원구 ,공릉1동
717,태릉입구,S1107,7호선,,,서울특별시 노원구 동일로 지하 992-1(공릉동),노원구 ,공릉1동
1018,석계역,I4101,경원선,37.615206,127.065594,서울특별시 노원구 화랑로 314(월계동 36-4),노원구 ,월계1동
1019,광운대역,I4101,경원선,37.623635,127.061975,서울특별시 노원구 석계로 98-2(광운대역),노원구 ,월계1동
1020,월계역,I4101,경원선,37.633114,127.058835,서울특별시 노원구 월계로 53길 40(월계2동 261),노원구 ,월계2동
412,창동,I1104,4호선,,,서울특별시 도봉구 마들로11길 77(창동),도봉구 ,창제5동
413,쌍문,I1104,4호선,,,서울특별시 도봉구 도봉로 지하 486-1(창동),도봉구 ,창제1동
710,도봉산,S1107,7호선,,,서울특별시 도봉구 도봉로 964-40(도봉동),도봉구 ,도봉2동
1021,녹천역,I4101,경원선,37.644599,127.051406,서울특별시 도봉구 덕릉로 376(창동),도봉구 ,창1동
1022,창동역,I4101,경원선,37.653181,127.047663,서울특별시 도봉구 마들로 11길 77(창1동 135-86),도봉구 ,창5동
1901,방학역,I4101,경원선,37.667471,127.044295,서울특별시 도봉구 도봉로 150다길 3,도봉구 ,방학1동
1902,도봉역,I4101,경원선,37.679441,127.045521,서울특별시 도봉구 도봉로 170길 2,도봉구 ,도봉2동
1903,도봉산역,I4101,경원선,37.689603,127.046347,서울특별시 도봉구 도봉로 964-33,도봉구 ,도봉2동
124,청량리(서울시립대입구),I4101,1호선,,,서울특별시 동대문구 왕산로 지하205(전농동),동대문구,청량리동
125,제기동,I4101,1호선,,,서울특별시 동대문구 왕산로 지하93(제기동),동대문구,제기동
126,신설동,I4101,1호선,,,서울특별시 동대문구 왕산로 지하1(신설동),동대문구,용신동
2113,용두(동대문구청),S1121,2호선,,,서울특별시 동대문구 천호대로 지하129(용두동),동대문구,용신동
2114,신설동,S1121,2호선,,,서울특별시 동대문구 왕산로 지하 1(신설동),동대문구,용신동
543,장한평,S1105,5호선,,,서울특별시 동대문구 천호대로 지하405(장안동),동대문구,장안1동
1015,회기역,I4101,경원선,37.589802,127.057936,서울특별시 동대문구 회기로196(휘경동 317-101),동대문구,휘경1동
1016,외대앞역,I4101,경원선,37.596157,127.063572,서울특별시 동대문구 휘경로 27(이문동 360-5),동대문구,이문1동
1017,신이문역,I4101,경원선,37.601829,127.067347,서울특별시 동대문구 한천로 472(이문로 7),동대문구,이문2동
1014,청량리역,I4108,경의중앙선,37.580543,127.046516,서울특별시 동대문구 왕산로 214,동대문구,전농1동
1015,회기역,I4108,경의중앙선,37.589802,127.057936,서울특별시 동대문구 회기로196(휘경동 317-101),동대문구,휘경1동
1015,회기역,I41K2,경춘선,37.589802,127.057936,서울특별시 동대문구 회기로196(휘경동 317-101),동대문구,휘경1동
1014,청량리역,I41K2,경춘선,37.580543,127.046516,서울특별시 동대문구 왕산로 214,동대문구,전농1동
1014,청량리역,I28K1,분당선,37.580543,127.046516,서울특별시 동대문구 왕산로 214,동대문구,전농1동
S122,신설동,L11UI,우이신설선,,,서울특별시 동대문구 신설동 132-259,동대문구,용신동
226,사당,S1102,2호선,,,서울특별시 동작구 남부순환로 지하2089(사당동),동작구 ,남현동
231,신대방,S1102,2호선,,,서울특별시 동작구 대림로 2(신대방동),동작구 ,신대방1동
431,동작(현충원),I1104,4호선,,,서울특별시 동작구 현충로 257(동작동),동작구 ,사당2동
432,총신대입구(이수),I1104,4호선,,,서울특별시 동작구 동작대로 지하117(사당동),동작구 ,사당2동
433,사당,I1104,4호선,,,서울특별시 동작구  동작대로 지하3(사당동),동작구 ,사당1동
736,총신대입구(이수),S1107,7호선,,,서울특별시 동작구 사당로 지하310(사당동),동작구 ,사당1동
737,남성,S1107,7호선,,,서울특별시 동작구 사당로 지하218(사당동),동작구 ,사당4동
738,숭실대입구(살피재),S1107,7호선,,,서울특별시 동작구 상도로 지하378(상도동),동작구 ,상도1동
739,상도,S1107,7호선,,,서울특별시 동작구 상도로 지하272(상도1동),동작구 ,상도1동
740,장승배기,S1107,7호선,,,서울특별시 동작구 상도로 지하188(상도동) ,동작구 ,상도2동
741,신대방삼거리,S1107,7호선,,,서울특별시 동작구 상도로 지하76(대방동),동작구 ,대방동
742,보라매,S1107,7호선,,,서울특별시 동작구 상도로 지하2(대방동),동작구 ,대방동
1004,노량진역,I4101,경부선,37.514072,126.941671,서울특별시 동작구 노량진로 151,동작구 ,노량진1동
4117,노량진,S1109,수도권  도시철도 9호선,,,서울특별시 동작구 노량진로 지하130,동작구 ,노량진1동
4118,노들,S1109,수도권  도시철도 9호선,,,서울특별시 동작구 노량진로 지하238 (본동),동작구 ,노량진1동
4119,흑석,S1109,수도권  도시철도 9호선,,,서울특별시 동작구 현충로 지하90 (흑석동),동작구 ,흑석동
4120,동작,S1109,수도권  도시철도 9호선,,,서울특별시 동작구 현충로 지하220 (동작동),동작구 ,사당2동
S403,서울지방병무청,L11SL,수도권 경량도시철도 신림선,37.50604687,126.9227834,서울특별시 동작구 여의대방로 지하218 (대방동),동작구 ,신길7동
S404,보라매,L11SL,수도권 경량도시철도 신림선,37.50031271,126.9204859,서울특별시 동작구 상도로 지하2 (대방동),동작구 ,대방동
S405,보라매공원,L11SL,수도권 경량도시철도 신림선,37.49522541,126.9182588,서울특별시 동작구 여의대방로20길 지하11 (신대방동),동작구 ,신대방2동
S406,보라매병원,L11SL,수도권 경량도시철도 신림선,37.49307176,126.9238861,서울특별시 동작구 보라매로5길 지하24 (신대방동),동작구 ,신대방2동
238,합정,S1102,2호선,,,서울특별시 마포구 양화로 지하55(서교동),마포구 ,서교동
239,홍대입구,S1102,2호선,,,서울특별시 마포구 양화로 지하160(동교동),마포구 ,서교동
240,신촌(지하),S1102,2호선,,,서울특별시 마포구 신촌로 지하90(노고산동),마포구 ,신촌동
241,이대,S1102,2호선,,,서울특별시 마포구 신촌로 지하180(염리동),마포구 ,대흥동
242,아현,S1102,2호선,,,서울특별시 마포구 신촌로 지하270(아현동),마포구 ,아현동
528,마포,S1105,5호선,,,서울특별시 마포구 마포대로 지하33(도화동),마포구 ,용강동
529,공덕,S1105,5호선,,,서울특별시 마포구 마포대로 지하100(공덕동),마포구 ,아현동
530,애오개,S1105,5호선,,,서울특별시 마포구 마포대로 지하210(아현동),마포구 ,아현동
619,월드컵경기장(성산),S1106,6호선,,,서울특별시 마포구 월드컵로 지하240(성산동),마포구 ,성산2동
620,마포구청,S1106,6호선,,,서울특별시 마포구 월드컵로 지하190(성산동),마포구 ,성산2동
621,망원,S1106,6호선,,,서울특별시 마포구 월드컵로 지하77(망원동),마포구 ,서교동
622,합정,S1106,6호선,,,서울특별시 마포구 양화로 지하45(합정동),마포구 ,합정동
623,상수,S1106,6호선,,,서울특별시 마포구 독막로 지하85(상수동),마포구 ,서강동
624,광흥창(서강),S1106,6호선,,,서울특별시 마포구 독막로 지하165(창전동),마포구 ,서강동
625,대흥(서강대앞),S1106,6호선,,,서울특별시 마포구 대흥로 지하85(대흥동),마포구 ,대흥동
626,공덕,S1106,6호선,,,서울특별시 마포구 백범로 지하200(공덕동),마포구 ,공덕동
1262,공덕역,I4108,경의중앙선,37.542611,126.952134,서울특별시 마포구 공덕동 마포대로 자하100,마포구 ,아현동
1263,서강대역,I4108,경의중앙선,37.552132,126.935389,서울특별시 마포구 서강로 지하118,마포구 ,대흥동
239,홍대입구역,I4108,경의중앙선,37.55808,126.925533,서울특별시 마포구 양화로 지하 188,마포구 ,서교동
A02,공덕,I28A1,인천국제공항선,37.54284055,126.9513301,서울특별시 마포구 마포대로 92,마포구 ,도화동
A03,홍대입구,I28A1,인천국제공항선,37.55774103,126.9264939,서울특별시 마포구 양화로 188,마포구 ,서교동
A04,디지털미디어시티,I28A1,인천국제공항선,37.57682544,126.8990205,서울특별시 마포구 성암로 184,마포구 ,상암동
243,충정로(경기대입구),S1102,2호선,,,서울특별시 서대문구 서소문로 지하17(충정로3가),서대문구,충현동
324,홍제,I1103,3호선,,,서울특별시 서대문구 통일로 지하440-1(홍제동),서대문구,홍제3동
325,무악재,I1103,3호선,,,서울특별시 서대문구 통일로 지하361(홍제동),서대문구,홍제2동
326,독립문,I1103,3호선,,,서울특별시 서대문구 통일로 지하247(현저동),서대문구,천연동
531,충정로(경기대입구),S1105,5호선,,,서울특별시 서대문구 충정로 지하 28-1(충정로3가),서대문구,충현동
1252,신촌역,I4108,경의중앙선,37.559768,126.942308,서울특별시 서대문구 대현동 74-12,서대문구,신촌동
1265,가좌역,I4108,경의중앙선,37.568611,126.914841,서울특별시 서대문구 수색로 27(남가좌동),서대문구,남가좌1동
223,교대(법원·검찰청),S1102,2호선,,,서울특별시 서초구 서초대로 지하294(서초동),서초구 ,서초1동
224,서초,S1102,2호선,,,서울특별시 서초구 서초대로 지하233(서초동),서초구 ,서초3동
225,방배,S1102,2호선,,,서울특별시 서초구 방배로 지하80(방배동),서초구 ,방배3동
338,잠원,I1103,3호선,,,서울특별시 서초구 잠원로4길 지하46(잠원동),서초구 ,잠원동
339,고속터미널,I1103,3호선,,,서울특별시 서초구 신반포로 지하188(반포동),서초구 ,반포4동
340,교대(법원·검찰청),I1103,3호선,,,서울특별시 서초구 서초대로 지하294(서초동),서초구 ,서초1동
341,남부터미널(예술의전당),I1103,3호선,,,서울특별시 서초구 서초중앙로 지하31(서초동),서초구 ,서초1동
342,양재(서초구청),I1103,3호선,,,서울특별시 서초구 남부순환로 지하2585(서초동),서초구 ,양재1동
434,남태령,I1104,4호선,,,서울특별시 서초구 과천대로 지하816(방배동),서초구 ,방배2동
733,반포,S1107,7호선,,,서울특별시 서초구 신반포로 지하241(잠원동),서초구 ,반포1동
734,고속터미널,S1107,7호선,,,서울특별시 서초구 신반포로 지하188(반포동),서초구 ,반포4동
735,내방,S1107,7호선,,,서울특별시 서초구 서초대로 지하103(방배동),서초구 ,방배1동
4121,구반포,S1109,수도권  도시철도 9호선,,,서울특별시 서초구 신반포로 지하17,서초구 ,반포본동
4122,신반포,S1109,수도권  도시철도 9호선,,,서울특별시 서초구 신반포로 지하105,서초구 ,반포2동
4123,고속터미널,S1109,수도권  도시철도 9호선,,,서울특별시 서초구 신반포로 지하188,서초구 ,반포4동
4124,사평,S1109,수도권  도시철도 9호선,,,서울특별시 서초구 사평대로 지하285,서초구 ,반포1동
D008,양재(서초구청),I11D1,신분당선,127.0340995,37.48445352,서울특별시 서초구 남부순환로 지하 2585,서초구 ,양재1동
D009,양재시민의숲(매헌),I11D1,신분당선,127.0384203,37.47096388,서울특별시 서초구 매헌로 지하 116,서초구 ,양재2동
D010,청계산입구,I11D1,신분당선,127.0543396,37.44871485,서울특별시 서초구 청계산로 지하 179,서초구 ,내곡동
207,상왕십리,S1102,2호선,,,서울특별시 성동구 왕십리로 지하374(하왕십리동),성동구 ,왕십리2동
208,왕십리(성동구청),S1102,2호선,,,서울특별시 성동구 왕십리로 지하300(행당동),성동구 ,행당1동
209,한양대,S1102,2호선,,,서울특별시 성동구 왕십리로 206(행당동),성동구 ,사근동
210,뚝섬,S1102,2호선,,,서울특별시 성동구 아차산로 18(성수동1가),성동구 ,성수1가2동
211,성수,S1102,2호선,,,서울특별시 성동구 아차산로 100(성수동2가),성동구 ,성수2가3동
2111,용답,S1121,2호선,,,서울특별시 성동구 용답길 86(용답동),성동구 ,사근동
2112,신답,S1121,2호선,,,서울특별시 성동구 천호대로 232(용답동),성동구 ,용답동
334,금호,I1103,3호선,,,서울특별시 성동구 동호로 지하104(금호동4가),성동구 ,금호4가동
335,옥수,I1103,3호선,,,서울특별시 성동구 동호로 21(옥수동),성동구 ,옥수동
538,신금호,S1105,5호선,,,서울특별시 성동구 금호로 지하154(금호동2가),성동구 ,금호2.3가동
539,행당,S1105,5호선,,,서울특별시 성동구 행당로 지하89(행당동),성동구 ,행당2동
540,왕십리(성동구청),S1105,5호선,,,서울특별시 성동구 왕십리로 지하300(행당동),성동구 ,행당1동
541,마장,S1105,5호선,,,서울특별시 성동구 마장로 지하296(마장동),성동구 ,마장동
542,답십리,S1105,5호선,,,서울특별시 성동구 천호대로 지하300(용답동),성동구 ,용답동
1013,왕십리역,I4108,경의중앙선,37.561128,127.035505,서울특별시 성동구 왕십리 광장로 17(행당동),성동구 ,행당1동
1011,옥수역,I4108,경의중앙선,37.540514,127.018698,서울특별시 성동구 동호로 지하21(옥수동),성동구 ,옥수동
1012,응봉역,I4108,경의중앙선,37.550433,127.034824,서울특별시 성동구 고산자로 123(응봉동),성동구 ,응봉동
1013,왕십리역,I28K1,분당선,37.561128,127.035505,서울특별시 성동구 왕십리 광장로 17(행당동),성동구 ,행당1동
1847,서울숲역,I28K1,분당선,37.543647,127.044686,서울특별시 성동구 왕십리로 지하 77,성동구 ,성수1가1동
417,길음,I1104,4호선,,,서울특별시 성북구 동소문로 지하248(길음동),성북구 ,길음1동
418,성신여대입구(돈암),I1104,4호선,,,서울특별시 성북구 동소문로 지하102(동선동4가),성북구 ,삼선동
419,한성대입구(삼선교),I1104,4호선,,,서울특별시 성북구 삼선교로 지하1(삼선동1가),성북구 ,삼선동
638,보문,S1106,6호선,,,서울특별시 성북구 보문로 지하116(보문동1가),성북구 ,보문동
639,안암(고대병원앞),S1106,6호선,,,서울특별시 성북구 고려대로 지하89(안암동5가),성북구 ,안암동
640,고려대(종암),S1106,6호선,,,서울특별시 성북구 종암로 지하1(종암동),성북구 ,종암동
641,월곡(동덕여대),S1106,6호선,,,서울특별시 성북구 월곡로 지하107(하월곡동),성북구 ,월곡2동
642,상월곡(한국과학기술연구원),S1106,6호선,,,서울특별시 성북구 화랑로 지하157(상월곡동),성북구 ,월곡2동
643,돌곶이,S1106,6호선,,,서울특별시 성북구 화랑로 지하243(석관동),성북구 ,장위2동
S118,북한산보국문,L11UI,우이신설선,,,서울특별시 성북구 보국문로 지하 88,성북구 ,정릉4동
S119,정릉,L11UI,우이신설선,,,서울특별시 성북구 아리랑로 지하 122,성북구 ,정릉1동
S120,성신여대입구,L11UI,우이신설선,,,서울특별시 성북구 동선동1가 116-1,성북구 ,동선동
S121,보문,L11UI,우이신설선,,,서울특별시 성북구 보문동1가 127-6,성북구 ,보문동
215,잠실나루,S1102,2호선,,,서울특별시 송파구 오금로 20(신천동),송파구 ,잠실6동
216,잠실(송파구청),S1102,2호선,,,서울특별시 송파구 올림픽로 지하265(신천동),송파구 ,잠실6동
217,잠실새내,S1102,2호선,,,서울특별시 송파구 올림픽로 지하140(잠실동),송파구 ,잠실3동
218,종합운동장,S1102,2호선,,,서울특별시 송파구 올림픽로 지하23(잠실동),송파구 ,잠실7동
350,가락시장,I1103,3호선,,,서울특별시 송파구 송파대로 지하257(가락동),송파구 ,가락1동
351,경찰병원,I1103,3호선,,,서울특별시 송파구 중대로 지하149(가락동),송파구 ,가락본동
352,오금,I1103,3호선,,,서울특별시 송파구 오금로 지하321(오금동),송파구 ,오금동
P550,올림픽공원(한국체대),S1105,5호선,,,서울특별시 송파구 양재대로 지하1233(방이동),송파구 ,오륜동
P551,방이,S1105,5호선,,,서울특별시 송파구 양재대로 지하1127(방이동),송파구 ,방이1동
P552,오금,S1105,5호선,,,서울특별시 송파구 오금로 지하321(오금동),송파구 ,오금동
P553,개롱,S1105,5호선,,,서울특별시 송파구 오금로 지하402(가락동),송파구 ,가락2동
P554,거여,S1105,5호선,,,서울특별시 송파구 오금로 지하499(거여동),송파구 ,거여1동
P555,마천,S1105,5호선,,,서울특별시 송파구 마천로57길 지하7(마천동),송파구 ,마천1동
813,몽촌토성(평화의문),S1108,8호선,,,서울특별시 송파구 올림픽로 지하383(신천동),송파구 ,잠실4동
814,잠실(송파구청),S1108,8호선,,,서울특별시 송파구 올림픽로 305(신천동),송파구 ,잠실6동
815,석촌,S1108,8호선,,,서울특별시 송파구 송파대로 지하439(석촌동),송파구 ,석촌동
816,송파,S1108,8호선,,,서울특별시 송파구 송파대로 지하354(가락동),송파구 ,가락1동
817,가락시장,S1108,8호선,,,서울특별시 송파구 송파대로 지하257(가락동),송파구 ,가락1동
818,문정,S1108,8호선,,,서울특별시 송파구 송파대로 지하179(문정동),송파구 ,문정2동
819,장지,S1108,8호선,,,서울특별시 송파구 송파대로 지하82(장지동),송파구 ,문정2동
820,복정,S1108,8호선,,,서울특별시 송파구 송파대로 지하6(장지동),송파구 ,위례동
4130,종합운동장,S1109,수도권  도시철도 9호선,,,서울특별시 송파구 올림픽로 23,송파구 ,잠실2동
4131,삼전,S1109,수도권  도시철도 9호선,,,서울특별시 송파구 백제고분로 지하 187,송파구 ,잠실본동
4132,석촌고분,S1109,수도권  도시철도 9호선,,,서울특별시 송파구 삼학사로 지하 53 ,송파구 ,삼전동
4133,석촌,S1109,수도권  도시철도 9호선,,,서울특별시 송파구 석촌동 209,송파구 ,송파1동
4134,송파나루,S1109,수도권  도시철도 9호선,,,서울특별시 송파구 백제고분로 지하 446,송파구 ,방이2동
4135,한성백제,S1109,수도권  도시철도 9호선,,,서울특별시 송파구 위례성대로 지하 51,송파구 ,오륜동
4136,올림픽공원(한국체대),S1109,수도권  도시철도 9호선,,,서울특별시 송파구 양재대로 지하 1233,송파구 ,오륜동
2342,양천구청,S1122,2호선,,,서울특별시 양천구 목동로3길 지하33(신정동),양천구 ,신정7동
2343,신정네거리,S1122,2호선,,,서울특별시 양천구 중앙로 지하261(신정동),양천구 ,신정3동
519,신정(은행정),S1105,5호선,,,서울특별시 양천구 오목로 지하179(신정동),양천구 ,신정4동
520,목동,S1105,5호선,,,서울특별시 양천구 오목로 지하245(목동),양천구 ,목1동
521,오목교(목동운동장앞),S1105,5호선,,,서울특별시 양천구 오목로 지하342(목동),양천구 ,목1동
4111,신목동,S1109,수도권  도시철도 9호선,,,서울특별시 양천구 목동중앙로 지하217,양천구 ,목2동
235,문래,S1102,2호선,,,서울특별시 영등포구 당산로 지하28(문래동3가),영등포구,문래동
236,영등포구청,S1102,2호선,,,서울특별시 영등포구 당산로 지하121(당산동3가),영등포구,당산제1동
237,당산,S1102,2호선,,,서울특별시 영등포구 당산로 229(당산동6가),영등포구,당산제2동
522,양평,S1105,5호선,,,서울특별시 영등포구 양산로 지하21(양평동2가),영등포구,양평제1동
523,영등포구청,S1105,5호선,,,서울특별시 영등포구 양산로 지하116(당산동3가),영등포구,당산제1동
524,영등포시장,S1105,5호선,,,서울특별시 영등포구 양산로 지하200(영등포동5가),영등포구,영등포동
525,신길,S1105,5호선,,,서울특별시 영등포구 경인로114가길 지하9(영등포동1가),영등포구,영등포동
526,여의도,S1105,5호선,,,서울특별시 영등포구 여의나루로 지하40(여의도동),영등포구,여의동
527,여의나루,S1105,5호선,,,서울특별시 영등포구 여의동로 지하343(여의도동),영등포구,여의동
743,신풍,S1107,7호선,,,서울특별시 영등포구 신풍로 지하27(신길동),영등포구,신길6동
744,대림(구로구청),S1107,7호선,,,서울특별시 영등포구 도림로 지하137(대림동),영등포구,대림3동
1005,대방역,I4101,경부선,37.513392,126.926407,서울특별시 영등포구 여의대방로 300,영등포구,신길7동
1032,신길역,I4101,경부선,37.517018,126.917743,서울특별시 영등포구 영등포로 327,영등포구,신길1동
1006,영등포역,I4101,경부선,37.515756,126.907411,서울특별시 영등포구 경인로 846(영등포동 1가 618-496),영등포구,영등포본동
4112,선유도,S1109,수도권  도시철도 9호선,,,서울특별시 영등포구 양평로 지하124,영등포구,양평2동
4113,당산,S1109,수도권  도시철도 9호선,,,서울특별시 영등포구 당산로 229,영등포구,당산2동
4114,국회의사당,S1109,수도권  도시철도 9호선,,,서울특별시 영등포구 국회대로 지하758,영등포구,여의동
4115,여의도,S1109,수도권  도시철도 9호선,,,서울특별시 영등포구 의사당대로 지하101 (여의도동),영등포구,여의동
4116,샛강,S1109,수도권  도시철도 9호선,,,서울특별시 영등포구 의사당대로 지하166,영등포구,여의동
S401,샛강,L11SL,수도권 경량도시철도 신림선,37.51721994,126.929404,서울특별시 영등포구 의사당대로 지하166 (여의도동),영등포구,여의동
S402,대방,L11SL,수도권 경량도시철도 신림선,37.51284017,126.9253168,서울특별시 영등포구 여의대방로 300 (신길동),영등포구,신길7동
426,서울역,I1104,4호선,,,서울특별시 용산구 한강대로 지하392(동자동),용산구 ,남영동
427,숙대입구(갈월),I1104,4호선,,,서울특별시 용산구 한강대로 지하306(갈월동),용산구 ,남영동
428,삼각지,I1104,4호선,,,서울특별시 용산구 한강대로 지하180(한강로1가),용산구 ,한강로동
429,신용산,I1104,4호선,,,서울특별시 용산구 한강대로 지하112(한강로2가),용산구 ,한강로동
430,이촌(국립중앙박물관),I1104,4호선,,,서울특별시 용산구 서빙고로 지하83(용산동5가),용산구 ,한강로동
627,효창공원앞,S1106,6호선,,,서울특별시 용산구 백범로 지하287(효창동),용산구 ,효창동
628,삼각지,S1106,6호선,,,서울특별시 용산구 한강대로 지하185(한강로1가),용산구 ,한강로동
629,녹사평(용산구청),S1106,6호선,,,서울특별시 용산구 녹사평대로 지하195(용산동4가),용산구 ,용산2가동
630,이태원,S1106,6호선,,,서울특별시 용산구 이태원로 지하177(이태원동),용산구 ,이태원1동
631,한강진,S1106,6호선,,,서울특별시 용산구 이태원로 지하287(한남동),용산구 ,한남동
1002,남영역,I4101,경부선,37.540597,126.971171,서울특별시 용산구 한강대로 77길 25(갈월동),용산구 ,남영동
1003,용산역,I4101,경부선,37.52989,126.964775,서울특별시 용산구 한강대로 23길 55(한강로 3가 40-999),용산구 ,한강로동
1251,서울역(경의선),I4108,경의중앙선,37.554713,126.970787,서울특별시 용산구 한강대로 405,용산구 ,남영동
1003,용산역,I4108,경의중앙선,37.52989,126.964775,서울특별시 용산구 한강대로 23길 55(한강로 3가 40-999),용산구 ,한강로동
1261,효창공원앞역,I4108,경의중앙선,37.539289,126.961339,서울특별시 용산구 용문동 5-133,용산구 ,효창동
1008,이촌역,I4108,경의중앙선,37.522476,126.973816,서울특별시 용산구 이촌로 71길 42,용산구 ,한강로동
1009,서빙고역,I4108,경의중앙선,37.51961,126.988358,서울특별시 용산구 서빙고로 238(서빙고동 241-11),용산구 ,서빙고동
1010,한남역,I4108,경의중앙선,37.529361,127.008984,서울특별시 용산구 독서당로6길 12-13(한남동),용산구 ,한남동
A01,서울,I28A1,인천국제공항선,37.54911784,126.9704643,서울특별시 용산구 청파로 378,용산구 ,남영동
320,구파발,I1103,3호선,,,서울특별시 은평구 진관2로 지하15-25 (진관동),은평구 ,진관동
321,연신내,I1103,3호선,,,서울특별시 은평구 통일로 지하849(갈현동),은평구 ,불광2동
322,불광,I1103,3호선,,,서울특별시 은평구 통일로 지하723-1(대조동),은평구 ,대조동
323,녹번,I1103,3호선,,,서울특별시 은평구 통일로 지하602-1(녹번동),은평구 ,녹번동
610,응암,S1106,6호선,,,서울특별시 은평구 증산로 지하477(신사동),은평구 ,신사1동
611,역촌,S1106,6호선,,,서울특별시 은평구 서오릉로 지하63(녹번동),은평구 ,녹번동
612,불광,S1106,6호선,,,서울특별시 은평구 통일로 지하723-1(대조동),은평구 ,대조동
613,독바위,S1106,6호선,,,서울특별시 은평구 불광로 지하129-1(불광동),은평구 ,불광1동
614,연신내,S1106,6호선,,,서울특별시 은평구 통일로 지하849(갈현동),은평구 ,불광2동
615,구산,S1106,6호선,,,서울특별시 은평구 연서로 지하137-1(구산동),은평구 ,구산동
616,새절(신사),S1106,6호선,,,서울특별시 은평구 증산로 지하400(신사동),은평구 ,신사2동
617,증산(명지대앞),S1106,6호선,,,서울특별시 은평구 증산로 지하306(증산동),은평구 ,증산동
618,디지털미디어시티,S1106,6호선,,,서울특별시 은평구 수색로 지하175(증산동),은평구 ,증산동
1266,디지털미디어시티역,I4108,경의중앙선,37.577964,126.900421,서울특별시 은평구 수색로 193(수색동 37-2),은평구 ,수색동
1267,수색역,I4108,경의중앙선,37.580855,126.895681,서울특별시 은평구 수색로 261-1,은평구 ,수색동
127,동묘앞,I4101,1호선,,,서울특별시 종로구 종로 359(숭인동),종로구 ,숭인1동
128,동대문,I4101,1호선,,,서울특별시 종로구 종로 지하302(창신동),종로구 ,창신2동
129,종로5가,I4101,1호선,,,서울특별시 종로구 종로 지하216(종로5가),종로구 ,종로5.6가동
130,종로3가,I4101,1호선,,,서울특별시 종로구 종로 지하129(종로3가),종로구 ,종로1.2.3.4가동
131,종각,I4101,1호선,,,서울특별시 종로구 종로 지하55(종로1가),종로구 ,종로1.2.3.4가동
327,경복궁(정부서울청사),I1103,3호선,,,서울특별시 종로구 사직로 지하130(적선동),종로구 ,사직동
328,안국,I1103,3호선,,,서울특별시 종로구 율곡로 지하62(안국동),종로구 ,종로1.2.3.4가동
329,종로3가,I1103,3호선,,,서울특별시 종로구 돈화문로 지하30(묘동),종로구 ,종로1.2.3.4가동
420,혜화,I1104,4호선,,,서울특별시 종로구 대학로 지하120(명륜4가),종로구 ,이화동
421,동대문,I1104,4호선,,,서울특별시 종로구 율곡로 지하308(종로6가),종로구 ,종로5.6가동
532,서대문,S1105,5호선,,,서울특별시 종로구 통일로 지하126(평동),종로구 ,충현동
533,광화문(세종문화회관),S1105,5호선,,,서울특별시 종로구 세종대로 지하172(세종로),종로구 ,사직동
534,종로3가(탑골공원),S1105,5호선,,,서울특별시 종로구 돈화문로11길 지하 26(돈의동),종로구 ,종로1.2.3.4가동
636,동묘앞,S1106,6호선,,,서울특별시 종로구 지봉로 지하24(숭인동),종로구 ,창신1동
637,창신,S1106,6호선,,,서울특별시 종로구 지봉로 지하112(창신동),종로구 ,창신3동
132,시청,I4101,1호선,,,서울특별시 중구 세종대로 지하101(정동),중구 ,소공동
133,서울역,I4101,1호선,,,서울특별시 중구 세종대로 지하2(남대문로 5가),중구 ,회현동
201,시청,S1102,2호선,,,서울특별시 중구 서소문로 지하127(서소문동),중구 ,소공동
202,을지로입구,S1102,2호선,,,서울특별시 중구 을지로 지하42(을지로1가),중구 ,명동
203,을지로3가,S1102,2호선,,,서울특별시 중구 을지로 지하106(을지로3가),중구 ,을지로동
204,을지로4가,S1102,2호선,,,서울특별시 중구 을지로 지하178(을지로4가),중구 ,을지로동
205,동대문역사문화공원(DDP),S1102,2호선,,,서울특별시 중구 을지로 지하279(을지로7가),중구 ,광희동
206,신당,S1102,2호선,,,서울특별시 중구 퇴계로 지하431-1(신당동),중구 ,황학동
333,약수,I1103,3호선,,,서울특별시 중구 다산로 지하122(신당동),중구 ,약수동
632,버티고개,S1106,6호선,,,서울특별시 중구 다산로 지하38(신당동),중구 ,약수동
633,약수,S1106,6호선,,,서울특별시 중구 다산로 지하115(신당동),중구 ,다산동
635,신당,S1106,6호선,,,서울특별시 중구 다산로 지하260(흥인동),중구 ,신당동
332,동대입구,I1103,3호선,,,서울특별시 중구 동호로 지하256(장충동2가),중구 ,장충동
536,동대문역사문화공원(DDP),S1105,5호선,,,서울특별시 중구 마른내로 지하162(광희동1가),중구 ,광희동
330,을지로3가,I1103,3호선,,,서울특별시 중구 을지로 지하129(을지로3가),중구 ,을지로동
422,동대문역사문화공원(DDP),I1104,4호선,,,서울특별시 중구 장충단로 지하230(광희동2가),중구 ,광희동
535,을지로4가,S1105,5호선,,,서울특별시 중구 창경궁로 지하51(주교동),중구 ,을지로동
537,청구,S1105,5호선,,,서울특별시 중구 청구로 지하77(신당동),중구 ,신당동
634,청구,S1106,6호선,,,서울특별시 중구 청구로 지하77(신당동),중구 ,신당동
331,충무로,I1103,3호선,,,서울특별시 중구 퇴계로 지하214(필동2가),중구 ,필동
423,충무로,I1104,4호선,,,서울특별시 중구 퇴계로 지하214(필동2가),중구 ,필동
424,명동,I1104,4호선,,,서울특별시 중구 퇴계로 지하126(충무로2가),중구 ,명동
425,회현(남대문시장),I1104,4호선,,,서울특별시 중구 퇴계로 지하54(남창동),중구 ,회현동
647,봉화산(서울의료원),S1106,6호선,,,서울특별시 중랑구 신내로 지하232(신내동),중랑구 ,신내2동
648,신내,S1106,6호선,,,서울특별시 중랑구 용마산로136길 33 신내차량기지,중랑구 ,망우본동
718,먹골,S1107,7호선,,,서울특별시 중랑구 동일로 지하901(묵동),중랑구 ,묵제1동
719,중화,S1107,7호선,,,서울특별시 중랑구 동일로 지하797(중화동),중랑구 ,중화1동
720,상봉(시외버스터미널),S1107,7호선,,,서울특별시 중랑구 망우로 297(상봉동),중랑구 ,상봉1동
721,면목,S1107,7호선,,,서울특별시 중랑구 면목로 지하407(면목동) ,중랑구 ,면목본동
722,사가정,S1107,7호선,,,서울특별시 중랑구 사가정로 지하393(면목동),중랑구 ,면목3.8동
723,용마산(용마폭포공원),S1107,7호선,,,서울특별시 중랑구 용마산로 지하227(면목동),중랑구 ,면목4동
1201,중랑역,I4108,경의중앙선,37.594948,127.076152,서울특별시 중랑구 중화동 321-37,중랑구 ,중화2동
1202,상봉역,I4108,경의중앙선,37.595254,127.085853,서울특별시 중랑구 망우로 297(상봉1동 100-9번지),중랑구 ,상봉1동
1203,망우역,I4108,경의중앙선,37.599288,127.092318,서울특별시 중랑구 망우로 55길 11-10,중랑구 ,상봉1동
1204,양원역,I4108,경의중앙선,36.963209,129.091131,서울특별시 중랑구 송림길 147(망우동),중랑구 ,망우본동
1201,중랑역,I41K2,경춘선,37.594948,127.076152,서울특별시 중랑구 중화동 321-37,중랑구 ,중화2동
1202,상봉역,I41K2,경춘선,37.595254,127.085853,서울특별시 중랑구 망우로 297(상봉1동 100-9번지),중랑구 ,상봉1동
1203,망우역,I41K2,경춘선,37.599288,127.092318,서울특별시 중랑구 망우로 55길 11-10,중랑구 ,상봉1동
1311,신내역,I41K2,경춘선,37.612855,127.103277,서울특별시 중랑구 망우동 320,중랑구 ,망우본동
